customer_unique_id,total_orders,first_purchase_date,repeat_customer,cohort_month,total_revenue,value_segment,retention_segment,customer_segment
0000366f3b9a7992bf8c76cfdf3221e2,1,"2018-05-10 10:56:00",0,2018-05,129.90,"High Value",One-Time,"High Value - One-Time"
0000b849f77a49e4a4ce2b2a4ca5be3f,1,"2018-05-07 11:11:00",0,2018-05,18.90,"Low Value",One-Time,"Low Value - One-Time"
0000f46a3911fa3c0805444483337064,1,"2017-03-10 21:05:00",0,2017-03,69.00,"Low Value",One-Time,"Low Value - One-Time"
0000f6ccb0745a6a4b88665a16c9f078,1,"2017-10-12 20:29:00",0,2017-10,25.99,"Low Value",One-Time,"Low Value - One-Time"
0004aac84e0df4da2b147fca70cf8255,1,"2017-11-14 19:45:00",0,2017-11,180.00,"High Value",One-Time,"High Value - One-Time"
0004bd2a26a76fe21f786e4fbd80607f,1,"2018-04-05 19:33:00",0,2018-04,154.00,"High Value",One-Time,"High Value - One-Time"
00050ab1314c0e55a6ca13cf7181fecf,1,"2018-04-20 12:57:00",0,2018-04,27.99,"Low Value",One-Time,"Low Value - One-Time"
00053a61a98854899e70ed204dd4bafe,1,"2018-02-28 11:15:00",0,2018-02,382.00,"High Value",One-Time,"High Value - One-Time"
0005e1862207bf6ccc02e4228effd9a0,1,"2017-03-04 23:32:00",0,2017-03,135.00,"High Value",One-Time,"High Value - One-Time"
0005ef4cd20d2893f0d9fbd94d3c0d97,1,"2018-03-12 15:22:00",0,2018-03,104.90,"High Value",One-Time,"High Value - One-Time"
0006fdc98a402fceb4eb0ee528f6a8d4,1,"2017-07-18 09:23:00",0,2017-07,13.90,"Low Value",One-Time,"Low Value - One-Time"
00082cbe03e478190aadbea78542e933,1,"2017-11-19 15:22:00",0,2017-11,79.00,"Low Value",One-Time,"Low Value - One-Time"
00090324bbad0e9342388303bb71ba0a,1,"2018-03-24 14:44:00",0,2018-03,49.95,"Low Value",One-Time,"Low Value - One-Time"
000949456b182f53c18b68d6babc79c1,1,"2018-04-23 09:55:00",0,2018-04,64.89,"Low Value",One-Time,"Low Value - One-Time"
000a5ad9c4601d2bbdd9ed765d5213b3,1,"2017-08-11 13:45:00",0,2017-08,76.99,"Low Value",One-Time,"Low Value - One-Time"
000bfa1d2f1a41876493be685390d6d3,1,"2017-09-29 14:46:00",0,2017-09,35.00,"Low Value",One-Time,"Low Value - One-Time"
000c8bdb58a29e7115cfc257230fb21b,1,"2017-12-12 22:53:00",0,2017-12,13.90,"Low Value",One-Time,"Low Value - One-Time"
000d460961d6dbfa3ec6c9f5805769e1,1,"2018-01-07 22:59:00",0,2018-01,28.90,"Low Value",One-Time,"Low Value - One-Time"
000de6019bb59f34c099a907c151d855,1,"2017-08-17 19:10:00",0,2017-08,229.80,"High Value",One-Time,"High Value - One-Time"
000e309254ab1fc5ba99dd469d36bdb4,1,"2018-06-25 09:53:00",0,2018-06,59.90,"Low Value",One-Time,"Low Value - One-Time"
000ec5bff359e1c0ad76a81a45cb598f,1,"2018-08-21 11:34:00",0,2018-08,14.96,"Low Value",One-Time,"Low Value - One-Time"
000ed48ceeb6f4bf8ad021a10a3c7b43,1,"2018-05-20 16:26:00",0,2018-05,12.88,"Low Value",One-Time,"Low Value - One-Time"
000fbf0473c10fc1ab6f8d2d286ce20c,1,"2018-07-26 09:43:00",0,2018-07,285.80,"High Value",One-Time,"High Value - One-Time"
0010a452c6d13139e50b57f19f52e04e,1,"2017-07-11 11:22:00",0,2017-07,299.00,"High Value",One-Time,"High Value - One-Time"
0010fb34b966d44409382af9e8fd5b77,1,"2018-03-05 17:08:00",0,2018-03,49.95,"Low Value",One-Time,"Low Value - One-Time"
001147e649a7b1afd577e873841632dd,1,"2017-08-31 17:12:00",0,2017-08,170.00,"High Value",One-Time,"High Value - One-Time"
00115fc7123b5310cf6d3a3aa932699e,1,"2017-01-21 21:58:00",0,2017-01,59.99,"Low Value",One-Time,"Low Value - One-Time"
0011805441c0d1b68b48002f1d005526,1,"2017-04-24 13:36:00",0,2017-04,269.00,"High Value",One-Time,"High Value - One-Time"
0011857aff0e5871ce5eb429f21cdaf5,1,"2017-06-28 11:08:00",0,2017-06,174.33,"High Value",One-Time,"High Value - One-Time"
0011c98589159d6149979563c504cb21,1,"2017-08-05 14:08:00",0,2017-08,99.99,"High Value",One-Time,"High Value - One-Time"
0012929d977a8d7280bb277c1e5f589d,1,"2017-10-17 15:46:00",0,2017-10,129.90,"High Value",One-Time,"High Value - One-Time"
0014a5a58da615f7b01a4f5e194bf5ea,1,"2018-01-18 20:49:00",0,2018-01,88.00,"Low Value",One-Time,"Low Value - One-Time"
0015752e079902b12cd00b9b7596276b,1,"2018-08-02 18:23:00",0,2018-08,59.80,"Low Value",One-Time,"Low Value - One-Time"
00172711b30d52eea8b313a7f2cced02,1,"2018-07-28 00:23:00",0,2018-07,74.50,"Low Value",One-Time,"Low Value - One-Time"
00191a9719ef48ebb5860b130347bf33,1,"2017-04-19 11:32:00",0,2017-04,47.90,"Low Value",One-Time,"Low Value - One-Time"
001926cef41060fae572e2e7b30bd2a4,1,"2017-08-17 12:55:00",0,2017-08,48.79,"Low Value",One-Time,"Low Value - One-Time"
001928b561575b2821c92254a2327d06,1,"2018-08-24 21:17:00",0,2018-08,136.89,"High Value",One-Time,"High Value - One-Time"
00196c4c9a3af7dd2ad10eade69c926f,1,"2018-07-28 09:29:00",0,2018-07,22.32,"Low Value",One-Time,"Low Value - One-Time"
00196fdb2bf9edfc35e88ebfbcf8d781,1,"2018-02-22 19:06:00",0,2018-02,12.90,"Low Value",One-Time,"Low Value - One-Time"
0019da6aa6bcb27cc32f1249bd12da05,1,"2018-02-11 00:55:00",0,2018-02,79.90,"Low Value",One-Time,"Low Value - One-Time"
0019e8c501c85848ac0966d45226fa1d,1,"2018-05-01 09:25:00",0,2018-05,159.99,"High Value",One-Time,"High Value - One-Time"
001a2bf0e46c684031af91fb2bce149d,1,"2017-06-29 22:43:00",0,2017-06,24.88,"Low Value",One-Time,"Low Value - One-Time"
001a34eb30ecb8e3aacb07c475ca4dd1,1,"2018-07-11 19:49:00",0,2018-07,151.90,"High Value",One-Time,"High Value - One-Time"
001a3a8e11d76c9a366c31a4aa2cc529,1,"2018-05-21 01:24:00",0,2018-05,9.00,"Low Value",One-Time,"Low Value - One-Time"
001ae5a1788703d64536c30362503e49,1,"2017-12-08 11:32:00",0,2017-12,89.99,"High Value",One-Time,"High Value - One-Time"
001deb796b28a3a128d6113857569aa4,1,"2018-06-22 16:07:00",0,2018-06,39.90,"Low Value",One-Time,"Low Value - One-Time"
001f3c4211216384d5fe59b041ce1461,1,"2017-03-19 18:34:00",0,2017-03,24.88,"Low Value",One-Time,"Low Value - One-Time"
002043098f10ba39a4600b6c52fbfe3c,1,"2017-03-26 16:45:00",0,2017-03,176.99,"High Value",One-Time,"High Value - One-Time"
002311514717ca8b65b09a26cdf7b91a,1,"2018-06-27 11:34:00",0,2018-06,116.25,"High Value",One-Time,"High Value - One-Time"
0023557a94bef0038066b5d1b3dc763e,1,"2018-03-28 19:53:00",0,2018-03,89.90,"High Value",One-Time,"High Value - One-Time"
002471155ecd08d208d1376720e2a907,1,"2018-08-08 20:36:00",0,2018-08,68.90,"Low Value",One-Time,"Low Value - One-Time"
00256bf7b05c08f6a5849df3d0a64f1f,1,"2018-06-01 17:41:00",0,2018-06,39.50,"Low Value",One-Time,"Low Value - One-Time"
0025795df7a7d077c4c90162fa820085,1,"2018-07-24 11:09:00",0,2018-07,177.90,"High Value",One-Time,"High Value - One-Time"
0027324a96d26a2bc7d69262f83c8403,1,"2018-03-25 11:51:00",0,2018-03,37.90,"Low Value",One-Time,"Low Value - One-Time"
0028a7d8db7b0247652509358ad8d755,1,"2017-12-13 15:49:00",0,2017-12,274.00,"High Value",One-Time,"High Value - One-Time"
0028cfeb9dfcd3628a56d5b6400deef5,1,"2018-01-07 00:12:00",0,2018-01,95.90,"High Value",One-Time,"High Value - One-Time"
00293787e2aec37a9c253b63fdfe2049,1,"2017-10-27 14:25:00",0,2017-10,237.80,"High Value",One-Time,"High Value - One-Time"
002aba8c1af80acacef6e011f9f23262,1,"2018-02-27 12:47:00",0,2018-02,199.90,"High Value",One-Time,"High Value - One-Time"
002ae492472e45ad6ebeb7a625409392,1,"2017-10-08 23:56:00",0,2017-10,103.98,"High Value",One-Time,"High Value - One-Time"
002b4cd83fabaffaa475f78ea5ef3e08,1,"2017-02-01 13:53:00",0,2017-02,49.90,"Low Value",One-Time,"Low Value - One-Time"
002bdeb33da5b1b3ce8b9c822f749c82,1,"2017-12-05 19:04:00",0,2017-12,23.99,"Low Value",One-Time,"Low Value - One-Time"
002cdf87d4c03f08f7eb4551a923affc,1,"2017-10-31 17:32:00",0,2017-10,196.99,"High Value",One-Time,"High Value - One-Time"
002d3bd901608f67c3fc11eaaa842b13,1,"2018-01-15 18:39:00",0,2018-01,19.49,"Low Value",One-Time,"Low Value - One-Time"
002d71b244beb91ca7030b15ab526446,1,"2017-05-22 22:24:00",0,2017-05,115.00,"High Value",One-Time,"High Value - One-Time"
002da6dde369f6a8b4c999ed61eb5a87,1,"2018-04-12 11:03:00",0,2018-04,44.99,"Low Value",One-Time,"Low Value - One-Time"
002eb8b96288f3804e21d2777ac29895,1,"2017-07-22 13:24:00",0,2017-07,119.90,"High Value",One-Time,"High Value - One-Time"
002ed12115742033f015cb3c269ccf68,1,"2018-01-30 13:50:00",0,2018-01,97.90,"High Value",One-Time,"High Value - One-Time"
002ef00822613c94613e60e03b169fef,1,"2018-02-14 20:56:00",0,2018-02,92.90,"High Value",One-Time,"High Value - One-Time"
002feefec5af0a3b26ee7839c66d205e,1,"2017-10-29 12:19:00",0,2017-10,59.90,"Low Value",One-Time,"Low Value - One-Time"
003035f5ec76f2220098377482de93c9,1,"2017-08-28 21:35:00",0,2017-08,49.99,"Low Value",One-Time,"Low Value - One-Time"
003162bf0351f47a1a247992b8b9b42d,1,"2018-07-14 15:45:00",0,2018-07,514.90,"High Value",One-Time,"High Value - One-Time"
00324c9f4d710e7bac5c5ba679714430,1,"2017-06-21 20:40:00",0,2017-06,29.90,"Low Value",One-Time,"Low Value - One-Time"
0032c76b20340da25249092a268ce66c,1,"2016-10-06 11:32:00",0,2016-10,128.90,"High Value",One-Time,"High Value - One-Time"
0032ca69771a7758ce643258bb9e4ac7,1,"2018-07-16 15:32:00",0,2018-07,45.00,"Low Value",One-Time,"Low Value - One-Time"
0033f4a2887e07e25aa1204d482f41ba,1,"2018-06-26 01:07:00",0,2018-06,350.00,"High Value",One-Time,"High Value - One-Time"
00344274804f3b8003de1b0562ae01df,1,"2018-07-09 14:09:00",0,2018-07,188.00,"High Value",One-Time,"High Value - One-Time"
0034c76b7e6a17d738375b99afc2f01e,1,"2018-05-07 16:17:00",0,2018-05,26.00,"Low Value",One-Time,"Low Value - One-Time"
0035029989e6fc5cf030918a5f9f2037,1,"2018-05-12 14:28:00",0,2018-05,438.00,"High Value",One-Time,"High Value - One-Time"
003650b504826ea534e02eba0ab58dd5,1,"2018-01-17 12:03:00",0,2018-01,13.99,"Low Value",One-Time,"Low Value - One-Time"
0036a074f98b80c4f1fc33dbbcf9c552,1,"2017-05-12 09:24:00",0,2017-05,16.99,"Low Value",One-Time,"Low Value - One-Time"
0036b4a3d09ad551a5188c2e374da402,1,"2017-08-09 16:14:00",0,2017-08,148.00,"High Value",One-Time,"High Value - One-Time"
0036d365b138cc0ee06bed755bcb5044,1,"2018-01-31 14:41:00",0,2018-01,79.90,"Low Value",One-Time,"Low Value - One-Time"
00370dfde3d012c420d29657afc2fc8b,1,"2018-01-29 12:54:00",0,2018-01,215.00,"High Value",One-Time,"High Value - One-Time"
00377a18050b898b93e2c774be9947db,1,"2017-11-25 13:40:00",0,2017-11,49.99,"Low Value",One-Time,"Low Value - One-Time"
0037aa56b017c105c3a9d47af71fff98,1,"2018-01-26 16:52:00",0,2018-01,425.00,"High Value",One-Time,"High Value - One-Time"
0037d2bbb9ebc39d9114aea27ee16d72,1,"2017-03-27 12:24:00",0,2017-03,119.90,"High Value",One-Time,"High Value - One-Time"
0037eb1ff742ee2e71ba887f65f3c6f3,1,"2017-07-13 09:00:00",0,2017-07,199.00,"High Value",One-Time,"High Value - One-Time"
003800162424b7b5b3d75c9cf22a66e7,1,"2018-04-01 21:29:00",0,2018-04,85.50,"Low Value",One-Time,"Low Value - One-Time"
00391594070baf8603f5fdc1d0c6a48c,1,"2018-08-05 20:33:00",0,2018-08,105.00,"High Value",One-Time,"High Value - One-Time"
003a5571a07dcf09bf117d13d2980ba3,1,"2018-07-25 10:57:00",0,2018-07,149.90,"High Value",One-Time,"High Value - One-Time"
003a7a8eb096ed3cbf713d2def1ca701,1,"2018-08-14 14:23:00",0,2018-08,99.99,"High Value",One-Time,"High Value - One-Time"
003ac9408252444b489b1bfc013f5f8c,1,"2018-03-16 17:56:00",0,2018-03,18.75,"Low Value",One-Time,"Low Value - One-Time"
003ae409f37c3c30cb1c974af3a42692,1,"2018-08-15 11:37:00",0,2018-08,195.00,"High Value",One-Time,"High Value - One-Time"
003c2067070f5b3d923235b1ea1cc17b,1,"2018-08-06 16:01:00",0,2018-08,109.70,"High Value",One-Time,"High Value - One-Time"
003c457932a554e4df13834237b1ed00,1,"2018-01-05 10:23:00",0,2018-01,129.90,"High Value",One-Time,"High Value - One-Time"
003d56767e53e08671de00da3fba8d40,1,"2017-12-01 12:48:00",0,2017-12,157.00,"High Value",One-Time,"High Value - One-Time"
003db7adfcdc49857b095a50191b6c9d,1,"2018-05-02 12:41:00",0,2018-05,524.90,"High Value",One-Time,"High Value - One-Time"
003e28cb6fab8a0901bff9229612375f,1,"2017-03-13 14:54:00",0,2017-03,119.99,"High Value",One-Time,"High Value - One-Time"
003e2af81ea3c72fbdd093f07724a4de,1,"2018-04-16 20:59:00",0,2018-04,48.00,"Low Value",One-Time,"Low Value - One-Time"
003f4901fdb60ae9c1e2538b84c208e1,1,"2017-11-19 20:22:00",0,2017-11,148.00,"High Value",One-Time,"High Value - One-Time"
003fb95e849e71e732629d94bb92762f,1,"2018-07-30 10:37:00",0,2018-07,57.99,"Low Value",One-Time,"Low Value - One-Time"
003fee4ca17927283128c7ddc6f9311b,1,"2018-05-08 13:08:00",0,2018-05,85.00,"Low Value",One-Time,"Low Value - One-Time"
004177f7bf62929186b32c7fdaa6157b,1,"2017-10-19 16:07:00",0,2017-10,393.98,"High Value",One-Time,"High Value - One-Time"
004256f082951ec189a4962b6788c214,1,"2018-03-23 11:37:00",0,2018-03,245.00,"High Value",One-Time,"High Value - One-Time"
004288347e5e88a27ded2bb23747066c,2,"2017-07-27 14:13:00",1,2017-07,317.89,"High Value",Repeat,"High Value - Repeat"
0042dcca0ae57aaec6e808edc31a2d48,1,"2017-12-02 12:02:00",0,2017-12,69.80,"Low Value",One-Time,"Low Value - One-Time"
0042dfa8925d6eb23e471ec350454f04,1,"2018-07-25 18:33:00",0,2018-07,49.90,"Low Value",One-Time,"Low Value - One-Time"
0043d65f8039b4a4d43bc7b0f450ac2c,1,"2017-04-20 12:57:00",0,2017-04,49.90,"Low Value",One-Time,"Low Value - One-Time"
00444f48f6c9b55657e49435ce3a97ca,1,"2017-06-09 16:15:00",0,2017-06,39.90,"Low Value",One-Time,"Low Value - One-Time"
00446a03d7a34d191507c9e42870d0a5,1,"2017-03-06 20:08:00",0,2017-03,109.90,"High Value",One-Time,"High Value - One-Time"
004493e0b0a37317d25665d340c0677d,1,"2018-06-06 17:44:00",0,2018-06,64.99,"Low Value",One-Time,"Low Value - One-Time"
0045e9ad4d6c85d2323a7ab374b76183,1,"2018-06-19 23:13:00",0,2018-06,5.90,"Low Value",One-Time,"Low Value - One-Time"
0046311f458d8041b00063cb99482903,1,"2017-08-01 19:24:00",0,2017-08,95.90,"High Value",One-Time,"High Value - One-Time"
0047f3e16441284d757a8963344f6c59,1,"2017-08-28 10:29:00",0,2017-08,60.00,"Low Value",One-Time,"Low Value - One-Time"
0048706e497cfba0b689e1e3497bc99e,1,"2018-08-15 16:54:00",0,2018-08,69.50,"Low Value",One-Time,"Low Value - One-Time"
0048a779a98a7848514096ff04046079,1,"2018-08-08 12:22:00",0,2018-08,21.70,"Low Value",One-Time,"Low Value - One-Time"
0049a16516d38fc2246696172a257f16,1,"2017-12-29 11:04:00",0,2017-12,24.99,"Low Value",One-Time,"Low Value - One-Time"
0049dadc30da6a277c1e9d371df5a66f,1,"2017-06-13 19:49:00",0,2017-06,9.90,"Low Value",One-Time,"Low Value - One-Time"
0049db44bfd6cee26ac9c649329ff6ea,1,"2017-03-07 13:28:00",0,2017-03,80.00,"Low Value",One-Time,"Low Value - One-Time"
0049ec2d7a5818d0e4b3f4735cec2458,1,"2018-07-19 08:17:00",0,2018-07,25.90,"Low Value",One-Time,"Low Value - One-Time"
004a432489f6630c6dfd3fc4454603f5,1,"2017-12-16 09:25:00",0,2017-12,69.77,"Low Value",One-Time,"Low Value - One-Time"
004b45ec5c64187465168251cd1c9c2f,1,"2018-05-26 19:42:00",0,2018-05,27.00,"Low Value",One-Time,"Low Value - One-Time"
004b9b1634b7becda8eec4e96bced882,1,"2018-08-05 12:32:00",0,2018-08,134.99,"High Value",One-Time,"High Value - One-Time"
004d17fa2cb102a7c4817f040c884e59,1,"2018-02-13 07:17:00",0,2018-02,32.00,"Low Value",One-Time,"Low Value - One-Time"
004df63539fd5e38d4b0a0506de7549c,1,"2018-07-16 13:30:00",0,2018-07,949.99,"High Value",One-Time,"High Value - One-Time"
004ed862ea4e55f18868d3d782d10879,1,"2017-08-06 20:34:00",0,2017-08,94.90,"High Value",One-Time,"High Value - One-Time"
004f84d065096f3cedd26cf0adc80b9d,1,"2018-04-25 23:17:00",0,2018-04,159.98,"High Value",One-Time,"High Value - One-Time"
00504b68faa074d0f40adcb4f7727f71,1,"2018-08-11 23:17:00",0,2018-08,152.00,"High Value",One-Time,"High Value - One-Time"
0050dcff37f8b9ff611d245e30572b46,1,"2018-05-02 08:44:00",0,2018-05,49.99,"Low Value",One-Time,"Low Value - One-Time"
00522457bba00bba576a34fd9b4808fd,1,"2017-04-01 13:40:00",0,2017-04,103.97,"High Value",One-Time,"High Value - One-Time"
005226be8d5b972d0f72b4e8a79f322b,1,"2018-04-01 22:07:00",0,2018-04,1561.00,"High Value",One-Time,"High Value - One-Time"
00539155ce68fbe677934aebdb17e09b,1,"2018-04-29 09:34:00",0,2018-04,48.99,"Low Value",One-Time,"Low Value - One-Time"
00543330561a9088f8b3879114a7b008,1,"2017-11-24 15:02:00",0,2017-11,56.00,"Low Value",One-Time,"Low Value - One-Time"
0055b522bc89cbfbf376d8b59a628470,1,"2017-03-03 15:48:00",0,2017-03,328.00,"High Value",One-Time,"High Value - One-Time"
0055bbb9c95f6acb8db89d1f6c316407,1,"2018-02-14 09:43:00",0,2018-02,68.00,"Low Value",One-Time,"Low Value - One-Time"
0056c2dd794a5eede6164dcae635875a,1,"2018-08-08 21:52:00",0,2018-08,129.99,"High Value",One-Time,"High Value - One-Time"
0056f26cb8f20916c3baa0e39fc30709,1,"2018-03-31 10:38:00",0,2018-03,92.90,"High Value",One-Time,"High Value - One-Time"
005754cb59f8ee5cdbb5cda9d138757e,1,"2018-07-21 11:39:00",0,2018-07,220.64,"High Value",One-Time,"High Value - One-Time"
00575b2023dedcc0f3e81a938834689b,1,"2017-11-04 20:24:00",0,2017-11,19.90,"Low Value",One-Time,"Low Value - One-Time"
0057f64bff87f4698b4cbd338d62a2a8,1,"2018-08-21 10:47:00",0,2018-08,75.07,"Low Value",One-Time,"Low Value - One-Time"
0058e7db269cc11558913b42beb115d0,1,"2018-05-18 13:51:00",0,2018-05,70.00,"Low Value",One-Time,"Low Value - One-Time"
0058f300f57d7b93c477a131a59b36c3,1,"2018-03-22 18:09:00",0,2018-03,72.58,"Low Value",One-Time,"Low Value - One-Time"
0059acd36094bf670ec8b21be6c0044c,1,"2017-06-12 21:48:00",0,2017-06,29.90,"Low Value",One-Time,"Low Value - One-Time"
005d8faa4cf789cf52fb880a8569880a,1,"2018-05-11 09:36:00",0,2018-05,79.99,"Low Value",One-Time,"Low Value - One-Time"
005e32bc930906dc6b65fb9d11cce3e2,1,"2017-09-03 21:48:00",0,2017-09,32.00,"Low Value",One-Time,"Low Value - One-Time"
005ee3e015ec18092d7782e507cf68fe,1,"2017-10-01 09:57:00",0,2017-10,159.99,"High Value",One-Time,"High Value - One-Time"
005f060d4223956c62b64e9567a36f0f,1,"2018-05-22 22:36:00",0,2018-05,689.00,"High Value",One-Time,"High Value - One-Time"
005f4b46e70bbd3295a38e2fd28d6566,1,"2017-11-02 14:26:00",0,2017-11,49.80,"Low Value",One-Time,"Low Value - One-Time"
005f6fa02633470267dcd1e3ecd0fa79,1,"2018-07-27 12:38:00",0,2018-07,199.99,"High Value",One-Time,"High Value - One-Time"
005ff4ebe100db3eebbe6f7b19a8f99a,1,"2017-09-13 15:10:00",0,2017-09,199.90,"High Value",One-Time,"High Value - One-Time"
006031108b00e5f73b2426a50b50f9c0,1,"2017-09-03 09:52:00",0,2017-09,189.90,"High Value",One-Time,"High Value - One-Time"
00605a8897ed9ad73b5c93bebad2541a,1,"2018-03-25 20:19:00",0,2018-03,12.90,"Low Value",One-Time,"Low Value - One-Time"
00626f29f9b57d3ef7c1739ff03e944e,1,"2018-04-11 11:42:00",0,2018-04,129.00,"High Value",One-Time,"High Value - One-Time"
0062adafa3846d9f372d8f1bde591b24,1,"2018-02-24 20:43:00",0,2018-02,135.90,"High Value",One-Time,"High Value - One-Time"
0063817060d662048ed08bccecaf45d5,1,"2018-01-12 09:26:00",0,2018-01,37.80,"Low Value",One-Time,"Low Value - One-Time"
0064a1b5f5cddd047c987b988a90c8c1,1,"2018-03-02 08:33:00",0,2018-03,215.60,"High Value",One-Time,"High Value - One-Time"
0064c96f536ac6250275482221834154,1,"2018-06-20 22:51:00",0,2018-06,52.66,"Low Value",One-Time,"Low Value - One-Time"
00651d97d964127ccfc0e2e55464876d,1,"2018-02-26 16:49:00",0,2018-02,15.00,"Low Value",One-Time,"Low Value - One-Time"
0065f6fb341f013a95a8e11cdc98d07a,1,"2017-10-09 14:50:00",0,2017-10,89.90,"High Value",One-Time,"High Value - One-Time"
0065f7795a38381973a373c8b4939679,1,"2018-07-07 20:53:00",0,2018-07,15.99,"Low Value",One-Time,"Low Value - One-Time"
0066b328e72fd82fd7420bf849c0e8b4,1,"2017-09-04 14:01:00",0,2017-09,84.94,"Low Value",One-Time,"Low Value - One-Time"
0067d2652c12515146721538868bbd80,1,"2018-06-19 12:00:00",0,2018-06,169.90,"High Value",One-Time,"High Value - One-Time"
0068bd2e9e76c018846dbc6e2bec5ac5,1,"2018-06-26 12:20:00",0,2018-06,59.90,"Low Value",One-Time,"Low Value - One-Time"
006a8c1784d622ebe06bab57e72ee045,1,"2017-11-25 16:36:00",0,2017-11,49.00,"Low Value",One-Time,"Low Value - One-Time"
006ab6f5e82340e927757563a9fbe7e4,1,"2017-12-02 11:18:00",0,2017-12,267.20,"High Value",One-Time,"High Value - One-Time"
006b297ed73773b17d8874a2eb4466e8,1,"2018-04-09 15:49:00",0,2018-04,89.90,"High Value",One-Time,"High Value - One-Time"
006bbb235068a01d2e3e47fa09ccf53c,1,"2018-02-15 19:02:00",0,2018-02,19.90,"Low Value",One-Time,"Low Value - One-Time"
006c10bfead12ac8d90486fb4ce4e603,1,"2018-06-14 23:41:00",0,2018-06,67.99,"Low Value",One-Time,"Low Value - One-Time"
006d763076d74d16d66e828e79ec1544,1,"2017-08-05 10:22:00",0,2017-08,79.90,"Low Value",One-Time,"Low Value - One-Time"
006e937bd5a5e32043018a6d1521b5d5,1,"2017-12-10 20:02:00",0,2017-12,189.90,"High Value",One-Time,"High Value - One-Time"
006ec5b170182812131c7d9b219c036f,1,"2017-10-16 12:55:00",0,2017-10,44.98,"Low Value",One-Time,"Low Value - One-Time"
006f2f20cf0cd723624b99d0e8e40d0c,1,"2018-02-10 20:45:00",0,2018-02,29.99,"Low Value",One-Time,"Low Value - One-Time"
00704e915ae0d4a236eace0267454cf9,1,"2017-07-31 23:07:00",0,2017-07,108.90,"High Value",One-Time,"High Value - One-Time"
00705dcbc0b9cad67abd658612770905,1,"2018-08-10 16:55:00",0,2018-08,39.49,"Low Value",One-Time,"Low Value - One-Time"
00720f160ff500d3605a1bf403eb62d9,1,"2018-05-19 08:29:00",0,2018-05,104.90,"High Value",One-Time,"High Value - One-Time"
00728bae3dec9c16b2193ab7e3195eb7,1,"2018-01-14 23:22:00",0,2018-01,194.90,"High Value",One-Time,"High Value - One-Time"
00737247e3dc1942da2c527ef3bd2709,1,"2018-03-24 12:25:00",0,2018-03,59.90,"Low Value",One-Time,"Low Value - One-Time"
0074a1d3f1995ff0538dc7197500973c,1,"2018-05-10 11:06:00",0,2018-05,599.00,"High Value",One-Time,"High Value - One-Time"
00762eafc5dac5fc1574f91e9b7c9b67,1,"2018-02-07 22:06:00",0,2018-02,219.00,"High Value",One-Time,"High Value - One-Time"
007658319c060f337577e8a1834d5df5,1,"2018-07-04 10:45:00",0,2018-07,75.00,"Low Value",One-Time,"Low Value - One-Time"
00765d375af0e700f61c57db00a8ee63,1,"2017-08-10 16:54:00",0,2017-08,200.00,"High Value",One-Time,"High Value - One-Time"
0076a71311bb2386a353f5ba87d2aa29,1,"2017-07-28 18:52:00",0,2017-07,44.90,"Low Value",One-Time,"Low Value - One-Time"
00776f3807b128beca64cd0b27138d92,1,"2017-09-21 19:05:00",0,2017-09,294.99,"High Value",One-Time,"High Value - One-Time"
0077ba3f829303a1dce98552495c91a1,1,"2018-06-19 09:11:00",0,2018-06,139.99,"High Value",One-Time,"High Value - One-Time"
0077dc76aaf02323f03bce9b00878253,1,"2018-03-11 17:09:00",0,2018-03,849.50,"High Value",One-Time,"High Value - One-Time"
0078108af1d2dc4b1601c744ca581b4f,1,"2018-05-07 13:51:00",0,2018-05,53.90,"Low Value",One-Time,"Low Value - One-Time"
0078bb0f0d23e922d08437b7d0e13907,1,"2017-12-21 23:56:00",0,2017-12,29.99,"Low Value",One-Time,"Low Value - One-Time"
007953b3182d5ccc9189a694f5c68163,1,"2017-04-15 22:00:00",0,2017-04,99.99,"High Value",One-Time,"High Value - One-Time"
00797f371bc0f6adb4d267be541a92da,1,"2018-04-09 13:43:00",0,2018-04,53.90,"Low Value",One-Time,"Low Value - One-Time"
0079b50e9f77c1148b472818f92eaebc,1,"2017-11-26 18:13:00",0,2017-11,24.90,"Low Value",One-Time,"Low Value - One-Time"
0079b7407a428543a7f178cc09164035,1,"2017-11-29 17:44:00",0,2017-11,48.90,"Low Value",One-Time,"Low Value - One-Time"
007a2fab7046647dad04fe7d08c57820,1,"2018-02-03 20:41:00",0,2018-02,109.95,"High Value",One-Time,"High Value - One-Time"
007ad549acb91673f04eac22c0568114,1,"2017-09-26 14:42:00",0,2017-09,78.80,"Low Value",One-Time,"Low Value - One-Time"
007b8307b6448f0425ff2001f00c1bdb,1,"2018-05-14 21:18:00",0,2018-05,21.90,"Low Value",One-Time,"Low Value - One-Time"
007ba48697b079e78f168b051462dd1b,1,"2018-06-06 23:49:00",0,2018-06,129.00,"High Value",One-Time,"High Value - One-Time"
007d9f716ead2bc8712255271a38f609,1,"2018-01-01 15:27:00",0,2018-01,49.97,"Low Value",One-Time,"Low Value - One-Time"
007e21b7a007c8f8dadfa43c9d5a91db,1,"2018-03-10 22:58:00",0,2018-03,54.40,"Low Value",One-Time,"Low Value - One-Time"
0083e758383b3deb6c6dac1b0b431ac0,1,"2018-01-06 11:33:00",0,2018-01,30.50,"Low Value",One-Time,"Low Value - One-Time"
00842c7d0cedb9e1edad8e9b7d148f09,1,"2017-04-05 21:26:00",0,2017-04,35.00,"Low Value",One-Time,"Low Value - One-Time"
0085139b503668b3addcfe826d91be8d,1,"2018-01-30 13:48:00",0,2018-01,465.88,"High Value",One-Time,"High Value - One-Time"
0085d749fc64f766ece1729464f8039a,1,"2018-03-21 22:59:00",0,2018-03,330.00,"High Value",One-Time,"High Value - One-Time"
008778a1591d49f6b2464dffaa4fa662,1,"2017-07-19 19:43:00",0,2017-07,249.99,"High Value",One-Time,"High Value - One-Time"
0087c31081ea8d160baa06bf4ad4d76f,1,"2018-06-22 19:57:00",0,2018-06,160.00,"High Value",One-Time,"High Value - One-Time"
0087eede471173af78d789df249c3a45,1,"2017-02-16 20:12:00",0,2017-02,126.99,"High Value",One-Time,"High Value - One-Time"
008b06aba4b5f5b5b94f525ccf520624,1,"2018-08-22 10:49:00",0,2018-08,67.98,"Low Value",One-Time,"Low Value - One-Time"
008b82b072c6b564fcce49a325f84097,1,"2018-03-10 18:42:00",0,2018-03,29.90,"Low Value",One-Time,"Low Value - One-Time"
008ca52811784a181c8c88e8d66b49db,1,"2018-08-15 23:01:00",0,2018-08,111.51,"High Value",One-Time,"High Value - One-Time"
008d17333e414049279c7822dfd5f019,1,"2017-08-23 12:59:00",0,2017-08,114.00,"High Value",One-Time,"High Value - One-Time"
008ea5bdd1a99fb584cce7739349da75,1,"2018-04-13 20:34:00",0,2018-04,45.00,"Low Value",One-Time,"Low Value - One-Time"
008f3d5f45a11059239a5c452cd00006,1,"2017-01-26 09:11:00",0,2017-01,309.90,"High Value",One-Time,"High Value - One-Time"
008fb2ecc75561d202dd4db2e0ceec25,1,"2017-05-31 22:42:00",0,2017-05,32.99,"Low Value",One-Time,"Low Value - One-Time"
009000746b4fc73fe77ecc396fdb78d2,1,"2017-11-29 08:22:00",0,2017-11,120.90,"High Value",One-Time,"High Value - One-Time"
009062f98089a091615b5c9faa13de26,1,"2017-09-12 22:53:00",0,2017-09,16.17,"Low Value",One-Time,"Low Value - One-Time"
009210a1646725341917560a13f7799f,1,"2017-08-02 12:48:00",0,2017-08,10.75,"Low Value",One-Time,"Low Value - One-Time"
009231b0ef6a6b4f5a5fe46938827b83,1,"2018-02-04 22:23:00",0,2018-02,89.90,"High Value",One-Time,"High Value - One-Time"
009301957bc7714394865c44650d8060,1,"2017-06-23 11:35:00",0,2017-06,84.99,"Low Value",One-Time,"Low Value - One-Time"
0093aeb87eca387dd153f965aa10c060,1,"2017-11-21 17:34:00",0,2017-11,139.90,"High Value",One-Time,"High Value - One-Time"
0093c499f4f9c0e169ead490aa62ce3e,1,"2017-06-12 19:38:00",0,2017-06,210.00,"High Value",One-Time,"High Value - One-Time"
0093dbe7f479386a92095026decf825d,1,"2017-11-27 19:48:00",0,2017-11,30.21,"Low Value",One-Time,"Low Value - One-Time"
00941614a654458b888b8780815bd26c,1,"2017-03-29 10:31:00",0,2017-03,174.00,"High Value",One-Time,"High Value - One-Time"
00950dbc783342e164c24e09023ebcb7,1,"2018-07-03 15:48:00",0,2018-07,80.38,"Low Value",One-Time,"Low Value - One-Time"
009671b5dc80cdf32aeb5850868ba81c,1,"2017-06-21 14:03:00",0,2017-06,62.99,"Low Value",One-Time,"Low Value - One-Time"
0096c18412349537abc45e350581cbbc,1,"2017-03-14 17:33:00",0,2017-03,679.60,"High Value",One-Time,"High Value - One-Time"
0096c9cb600a08e601f7c2be6734531a,1,"2017-07-28 12:19:00",0,2017-07,169.00,"High Value",One-Time,"High Value - One-Time"
0096f8cd903cc205efab77d5ae6bb6f1,1,"2018-02-12 22:18:00",0,2018-02,134.90,"High Value",One-Time,"High Value - One-Time"
00970787f181925ba33bd32b3817f742,1,"2017-09-16 01:30:00",0,2017-09,20.30,"Low Value",One-Time,"Low Value - One-Time"
0097c1e3f3c2fed7a7d8cf30be1a33df,1,"2017-11-27 13:25:00",0,2017-11,89.90,"High Value",One-Time,"High Value - One-Time"
0097fca0db567f5ca79509b7b4fc1c2d,1,"2018-04-19 11:17:00",0,2018-04,172.14,"High Value",One-Time,"High Value - One-Time"
00986cafefb6e670cceca01694bda599,1,"2017-12-31 17:55:00",0,2017-12,49.99,"Low Value",One-Time,"Low Value - One-Time"
0098853a28531d48988a2fb02b30840e,1,"2018-06-08 12:06:00",0,2018-06,59.99,"Low Value",One-Time,"Low Value - One-Time"
009890d2f2b15df1267ed7f90f45fc4e,1,"2018-04-23 13:23:00",0,2018-04,79.99,"Low Value",One-Time,"Low Value - One-Time"
0098f4847541cc7d676f9a5efc64c0f0,1,"2017-04-17 18:46:00",0,2017-04,129.90,"High Value",One-Time,"High Value - One-Time"
009a3ad0cbdfc7f5481488472f72e8b1,1,"2018-04-04 08:46:00",0,2018-04,13.65,"Low Value",One-Time,"Low Value - One-Time"
009dd7b313c04f4ccd9d4e423bc04ba7,1,"2018-04-25 07:27:00",0,2018-04,79.98,"Low Value",One-Time,"Low Value - One-Time"
009e70fcdd4ea3769c73210414e73c64,1,"2017-06-19 08:37:00",0,2017-06,32.90,"Low Value",One-Time,"Low Value - One-Time"
009f647a455451d6c325bef96685e1c1,1,"2018-04-27 17:52:00",0,2018-04,110.00,"High Value",One-Time,"High Value - One-Time"
00a02d822b18db532e50e0607e615f3b,1,"2018-08-14 11:29:00",0,2018-08,179.90,"High Value",One-Time,"High Value - One-Time"
00a089b8c7ab1e3808c3ad7de7a254dd,1,"2018-06-20 07:49:00",0,2018-06,34.49,"Low Value",One-Time,"Low Value - One-Time"
00a1c6913daeda0b7f9b79f802805fdb,1,"2017-12-27 12:03:00",0,2017-12,84.99,"Low Value",One-Time,"Low Value - One-Time"
00a1d0d7d91c17c634d6896ce10ce1c6,1,"2018-07-30 12:48:00",0,2018-07,95.00,"High Value",One-Time,"High Value - One-Time"
00a1e8f160b36ccdcbca310933f12a3b,1,"2017-11-29 09:03:00",0,2017-11,28.70,"Low Value",One-Time,"Low Value - One-Time"
00a218ea82c458456098caa1c4a7e796,1,"2017-03-01 08:32:00",0,2017-03,49.90,"Low Value",One-Time,"Low Value - One-Time"
00a33236962b4ac37fd25275be9c206b,1,"2018-08-19 17:25:00",0,2018-08,98.00,"High Value",One-Time,"High Value - One-Time"
00a39521eb40f7012db50455bf083460,2,"2018-05-23 20:14:00",1,2018-05,81.45,"Low Value",Repeat,"Low Value - Repeat"
00a3a868d6047bac2888d27b16743ba0,1,"2018-02-10 16:08:00",0,2018-02,89.70,"Low Value",One-Time,"Low Value - One-Time"
00a6ee75a90222405df9d8d59babc513,1,"2017-07-06 22:54:00",0,2017-07,25.90,"Low Value",One-Time,"Low Value - One-Time"
00a78b45ea275348c1a8081bef9ab61b,1,"2017-12-29 20:20:00",0,2017-12,169.90,"High Value",One-Time,"High Value - One-Time"
00a7d14cb10e11b7f7d65120a7e3942f,1,"2017-04-12 13:01:00",0,2017-04,49.90,"Low Value",One-Time,"Low Value - One-Time"
00a9fd000ff87bb48b989df819c418f5,1,"2018-03-20 07:08:00",0,2018-03,238.00,"High Value",One-Time,"High Value - One-Time"
00aafcd186fbd5da867f9b8df04518aa,1,"2018-02-15 18:54:00",0,2018-02,116.91,"High Value",One-Time,"High Value - One-Time"
00ab80210f1875276065f3c1911a2110,1,"2018-04-03 14:02:00",0,2018-04,25.50,"Low Value",One-Time,"Low Value - One-Time"
00ab8b4d83051d5a41842abe7ff473fc,1,"2017-12-02 11:17:00",0,2017-12,134.90,"High Value",One-Time,"High Value - One-Time"
00aba8ca6b7a455bcde671692a3f9e51,1,"2017-11-27 09:36:00",0,2017-11,25.50,"Low Value",One-Time,"Low Value - One-Time"
00ac9cd5c4ad19e16e7c6f6864711737,1,"2017-04-28 14:20:00",0,2017-04,209.90,"High Value",One-Time,"High Value - One-Time"
00ad4e6c01a3039fa1b45eaadb4222e4,1,"2018-06-22 22:30:00",0,2018-06,59.99,"Low Value",One-Time,"Low Value - One-Time"
00ad5165112e0e9a91a23b1132716584,1,"2017-03-28 13:47:00",0,2017-03,79.90,"Low Value",One-Time,"Low Value - One-Time"
00adeda9b742746c0c66e10d00ea1b74,1,"2017-11-07 16:54:00",0,2017-11,2078.50,"High Value",One-Time,"High Value - One-Time"
00ae50eb5e1d2514f694dee1dcbbd5ae,1,"2018-05-10 22:19:00",0,2018-05,213.50,"High Value",One-Time,"High Value - One-Time"
00ae9ea276a5a4335382c9391059ddf2,1,"2017-09-13 08:19:00",0,2017-09,121.90,"High Value",One-Time,"High Value - One-Time"
00af5c2c9fd47849143be82aea5ab2cf,1,"2018-01-09 11:21:00",0,2018-01,94.98,"High Value",One-Time,"High Value - One-Time"
00b0595d2b0f0b838edb7fbc749ea644,1,"2017-07-29 12:08:00",0,2017-07,120.00,"High Value",One-Time,"High Value - One-Time"
00b0d21952ae29dfe79db614512a27c2,1,"2017-12-08 13:19:00",0,2017-12,399.93,"High Value",One-Time,"High Value - One-Time"
00b1066a65657ee1759544f6b61a4e2c,1,"2018-05-11 07:08:00",0,2018-05,49.80,"Low Value",One-Time,"Low Value - One-Time"
00b1b0f856eb804d554ceab3d8f1dc35,1,"2018-01-19 01:17:00",0,2018-01,181.56,"High Value",One-Time,"High Value - One-Time"
00b1d2492b4127598629f19a22a32be8,1,"2017-11-23 09:49:00",0,2017-11,129.90,"High Value",One-Time,"High Value - One-Time"
00b21d737fc7f475c145ca292832385d,1,"2018-02-23 21:28:00",0,2018-02,159.99,"High Value",One-Time,"High Value - One-Time"
00b246520d4904724f9b20188a2ff39b,1,"2018-06-02 14:02:00",0,2018-06,12.99,"Low Value",One-Time,"Low Value - One-Time"
00b2ca23369b68c4d4105ecea9c0cb93,1,"2018-08-03 08:59:00",0,2018-08,65.90,"Low Value",One-Time,"Low Value - One-Time"
00b2ee6366438f46105832fd9acaf56f,1,"2018-04-03 12:39:00",0,2018-04,249.99,"High Value",One-Time,"High Value - One-Time"
00b309d0151d92709de70e43d662711b,1,"2017-10-11 11:38:00",0,2017-10,89.90,"High Value",One-Time,"High Value - One-Time"
00b5ba65365dad1d25811bf5e45fc983,1,"2017-11-26 22:56:00",0,2017-11,89.90,"High Value",One-Time,"High Value - One-Time"
00b72937dcd829c0d8ca72ec77cd073c,1,"2017-06-15 18:58:00",0,2017-06,120.00,"High Value",One-Time,"High Value - One-Time"
00b742e2f6d8fa571cd560007081d53b,1,"2018-06-20 19:22:00",0,2018-06,146.94,"High Value",One-Time,"High Value - One-Time"
00b8076004092a29c2c934570c356fc7,1,"2018-03-20 22:36:00",0,2018-03,199.90,"High Value",One-Time,"High Value - One-Time"
00b9746bf8ac2964942d8b969f015196,1,"2018-08-01 13:02:00",0,2018-08,70.00,"Low Value",One-Time,"Low Value - One-Time"
00ba737b18a7996f68cb8a99556bedd4,1,"2017-07-11 23:14:00",0,2017-07,112.80,"High Value",One-Time,"High Value - One-Time"
00bab5c446ba511117719c775a3f78e8,1,"2018-01-14 11:56:00",0,2018-01,29.97,"Low Value",One-Time,"Low Value - One-Time"
00bbfe2f540d0cfccbb098d92c503eca,1,"2017-10-29 20:51:00",0,2017-10,59.90,"Low Value",One-Time,"Low Value - One-Time"
00bc6cf36e50f21a8478d86721c07aa5,1,"2018-03-11 16:52:00",0,2018-03,49.90,"Low Value",One-Time,"Low Value - One-Time"
00bcc55fd3eb23fc001365c5f0c3c3ba,1,"2018-02-05 18:08:00",0,2018-02,9.00,"Low Value",One-Time,"Low Value - One-Time"
00bd169997f142571c113645554663d6,1,"2017-11-21 14:45:00",0,2017-11,41.50,"Low Value",One-Time,"Low Value - One-Time"
00bd194837f2ad36d45985a6205df78a,1,"2018-04-28 12:42:00",0,2018-04,159.90,"High Value",One-Time,"High Value - One-Time"
00bd903b65b4c9a1c822887d0b012592,1,"2018-05-18 00:32:00",0,2018-05,102.00,"High Value",One-Time,"High Value - One-Time"
00be1845d956d40218db17093f667764,1,"2017-11-24 17:09:00",0,2017-11,49.00,"Low Value",One-Time,"Low Value - One-Time"
00bee19e1199bc5cede1c674177b9e22,1,"2017-11-17 19:42:00",0,2017-11,649.90,"High Value",One-Time,"High Value - One-Time"
00bfe974afd63b30ed282dc69892fb98,1,"2017-12-28 08:02:00",0,2017-12,99.80,"High Value",One-Time,"High Value - One-Time"
00c003ed13c76042b78d53fbc26930d0,1,"2017-03-16 20:25:00",0,2017-03,179.99,"High Value",One-Time,"High Value - One-Time"
00c04df1c94e385d57d4a33a2965217c,1,"2018-03-01 19:25:00",0,2018-03,72.00,"Low Value",One-Time,"Low Value - One-Time"
00c05fe9d2f8b245f1f86fe559175f24,1,"2018-06-14 15:47:00",0,2018-06,338.00,"High Value",One-Time,"High Value - One-Time"
00c07da5ba0e07b4f248a3a373b07476,1,"2018-07-27 14:28:00",0,2018-07,2258.00,"High Value",One-Time,"High Value - One-Time"
00c0bbc49a530c07c110d269211da046,1,"2017-11-29 21:11:00",0,2017-11,94.90,"High Value",One-Time,"High Value - One-Time"
00c19498681c665889d1212be870e8df,1,"2017-11-17 19:51:00",0,2017-11,108.90,"High Value",One-Time,"High Value - One-Time"
00c1d73d161e74cfbe78975c1a2ba2ff,1,"2018-04-26 21:59:00",0,2018-04,40.00,"Low Value",One-Time,"Low Value - One-Time"
00c26c3dd77bb25a0423a2280886b86a,1,"2018-03-04 20:11:00",0,2018-03,19.90,"Low Value",One-Time,"Low Value - One-Time"
00c31de6420048cb3f668c99153debf7,1,"2017-10-31 21:42:00",0,2017-10,64.90,"Low Value",One-Time,"Low Value - One-Time"
00c3624c55261d9ce593f30e3815a880,1,"2017-03-18 11:24:00",0,2017-03,380.00,"High Value",One-Time,"High Value - One-Time"
00c3c74b09b2022ac2c0f43bb09797b4,1,"2017-12-01 14:53:00",0,2017-12,56.89,"Low Value",One-Time,"Low Value - One-Time"
00c4592dfbfe06775ab582d7a2b8dddf,1,"2017-11-25 21:45:00",0,2017-11,55.90,"Low Value",One-Time,"Low Value - One-Time"
00c4d93157cffc73cb2459f52b89cee4,1,"2017-10-19 21:19:00",0,2017-10,64.99,"Low Value",One-Time,"Low Value - One-Time"
00c5610e0f4b339cd3b0cc499937db8d,1,"2018-07-21 21:59:00",0,2018-07,139.90,"High Value",One-Time,"High Value - One-Time"
00c605c0bfa39610b994c18f822a6d5a,1,"2018-04-24 13:23:00",0,2018-04,119.00,"High Value",One-Time,"High Value - One-Time"
00c8c7f0cafacc30bfda2a9a7445ec80,1,"2018-07-27 20:40:00",0,2018-07,67.00,"Low Value",One-Time,"Low Value - One-Time"
00c916ff33b521444787ac76ac6b029d,1,"2017-12-10 10:48:00",0,2017-12,69.90,"Low Value",One-Time,"Low Value - One-Time"
00cac13832bd0a8b6f50f6a36b053223,1,"2018-06-05 12:16:00",0,2018-06,399.90,"High Value",One-Time,"High Value - One-Time"
00cc0061269a99836cf8b029b1d0177d,1,"2018-07-30 21:20:00",0,2018-07,32.66,"Low Value",One-Time,"Low Value - One-Time"
00cc12a6d8b578b8ebd21ea4e2ae8b27,2,"2017-03-21 19:25:00",1,2017-03,99.80,"High Value",Repeat,"High Value - Repeat"
00cc2d4fcb3a1864b4f900741915aa85,1,"2017-12-14 15:16:00",0,2017-12,54.99,"Low Value",One-Time,"Low Value - One-Time"
00cc7c54469f4177319d6bb12e883652,1,"2017-04-18 12:24:00",0,2017-04,157.90,"High Value",One-Time,"High Value - One-Time"
00cc8551c0621bc65a440e836bb652d7,1,"2017-03-24 12:20:00",0,2017-03,79.90,"Low Value",One-Time,"Low Value - One-Time"
00cd1ffd1a85ec2af3de73a3d341339d,1,"2018-05-08 12:28:00",0,2018-05,49.00,"Low Value",One-Time,"Low Value - One-Time"
00cd767526517f8a4fc27db6cc5a52fa,1,"2017-06-27 11:12:00",0,2017-06,79.90,"Low Value",One-Time,"Low Value - One-Time"
00cdb0d59698da325d0e6830120363bf,1,"2018-04-28 19:23:00",0,2018-04,58.89,"Low Value",One-Time,"Low Value - One-Time"
00cf2f12497614285e5dbfb77d6dd312,1,"2018-04-17 09:50:00",0,2018-04,269.90,"High Value",One-Time,"High Value - One-Time"
00d012266be1430eec790d0f405a836c,1,"2018-04-19 13:15:00",0,2018-04,18.90,"Low Value",One-Time,"Low Value - One-Time"
00d03b5e33f8987549c5590313a4ef21,1,"2017-06-16 23:17:00",0,2017-06,19.99,"Low Value",One-Time,"Low Value - One-Time"
00d079bd851bf5d13879d7a2a3b5ec48,1,"2018-01-19 11:41:00",0,2018-01,159.77,"High Value",One-Time,"High Value - One-Time"
00d1e5d82377766dac9f8dc4d4eaf4a8,1,"2018-04-05 11:32:00",0,2018-04,116.30,"High Value",One-Time,"High Value - One-Time"
00d447911e5d5ae87480df8734b915f2,1,"2018-08-01 20:21:00",0,2018-08,219.90,"High Value",One-Time,"High Value - One-Time"
00d474cea9ceb88b7175d564b081dfa3,1,"2017-06-15 11:48:00",0,2017-06,99.95,"High Value",One-Time,"High Value - One-Time"
00d4ef3e086e2191c3fb6e7b0d2a1c75,1,"2018-06-30 12:19:00",0,2018-06,47.90,"Low Value",One-Time,"Low Value - One-Time"
00d76f8bb8df7e07711da4076c52ffe0,1,"2018-07-14 12:22:00",0,2018-07,105.99,"High Value",One-Time,"High Value - One-Time"
00d7812c158831a996a6b3f4698643b5,1,"2018-08-19 18:12:00",0,2018-08,14.99,"Low Value",One-Time,"Low Value - One-Time"
00d7e54ab8c5d9916f19209dbaacbb3d,1,"2017-07-01 10:07:00",0,2017-07,56.00,"Low Value",One-Time,"Low Value - One-Time"
00d8411c0f5ee4e0a9b8900ea483680e,1,"2017-12-09 21:53:00",0,2017-12,220.00,"High Value",One-Time,"High Value - One-Time"
00d85302f43fe8848153e3720c34ac01,1,"2018-01-16 21:24:00",0,2018-01,12.77,"Low Value",One-Time,"Low Value - One-Time"
00d890d6e36244f39e22a9fb95e68756,1,"2018-02-06 10:48:00",0,2018-02,29.99,"Low Value",One-Time,"Low Value - One-Time"
00d8a60ad2500432d9edd109cfddfd9e,1,"2018-05-10 11:31:00",0,2018-05,59.00,"Low Value",One-Time,"Low Value - One-Time"
00d8ba74be3eee415fe4508fdd325ee5,1,"2018-01-31 15:46:00",0,2018-01,340.00,"High Value",One-Time,"High Value - One-Time"
00d96f54b90a6ffbe7361bcfdb85b0ba,1,"2018-02-21 10:11:00",0,2018-02,99.90,"High Value",One-Time,"High Value - One-Time"
00da34ebf22b87f6c2f53dc069f237df,1,"2018-05-17 10:31:00",0,2018-05,209.70,"High Value",One-Time,"High Value - One-Time"
00db0070b3c3bd0215072323c8499407,1,"2018-04-22 13:17:00",0,2018-04,334.90,"High Value",One-Time,"High Value - One-Time"
00db525fd8d4023dc446f0ed2519139f,1,"2017-07-26 09:59:00",0,2017-07,195.30,"High Value",One-Time,"High Value - One-Time"
00dba3af1366ca8114a40bc83021f5e9,1,"2017-12-01 04:19:00",0,2017-12,119.30,"High Value",One-Time,"High Value - One-Time"
00dd4390a8e8ad7a126e8331decc49ce,1,"2017-05-11 09:13:00",0,2017-05,94.90,"High Value",One-Time,"High Value - One-Time"
00df047af693b421c167e27932bfd6c5,1,"2018-07-04 21:54:00",0,2018-07,149.90,"High Value",One-Time,"High Value - One-Time"
00df9d2e50424d103ca8796e4dc7c207,1,"2017-08-22 12:05:00",0,2017-08,119.90,"High Value",One-Time,"High Value - One-Time"
00dfebc9135c7228dbb2239afc214bb5,1,"2017-11-25 02:11:00",0,2017-11,16.00,"Low Value",One-Time,"Low Value - One-Time"
00e04d8e3aaa5ffab327612642ab4564,1,"2017-12-13 09:29:00",0,2017-12,49.90,"Low Value",One-Time,"Low Value - One-Time"
00e10a3ff1e104902141546420f5a18b,1,"2018-07-20 10:25:00",0,2018-07,49.90,"Low Value",One-Time,"Low Value - One-Time"
00e130c15fdc51673742f622aa7eb63c,1,"2018-07-16 10:22:00",0,2018-07,99.99,"High Value",One-Time,"High Value - One-Time"
00e151934c812526b4ed6174c8b7b1f7,1,"2018-01-14 18:01:00",0,2018-01,129.00,"High Value",One-Time,"High Value - One-Time"
00e20792154788aa00f53fbd616a8d91,1,"2018-04-07 08:28:00",0,2018-04,169.83,"High Value",One-Time,"High Value - One-Time"
00e2972a013072289c3e86cfc2b9e38d,1,"2017-09-03 21:16:00",0,2017-09,199.90,"High Value",One-Time,"High Value - One-Time"
00e336519abc0012c8711db2132467ac,1,"2018-04-15 11:54:00",0,2018-04,113.57,"High Value",One-Time,"High Value - One-Time"
00e57919b893c89f4d9eee8d06c41f6f,1,"2017-11-17 21:13:00",0,2017-11,59.90,"Low Value",One-Time,"Low Value - One-Time"
00e5dfd6ee7406a69b74c72795e6f354,1,"2017-12-30 21:13:00",0,2017-12,29.99,"Low Value",One-Time,"Low Value - One-Time"
00e5ea6932dffb682bd3d5760e84d176,1,"2017-09-26 16:19:00",0,2017-09,56.99,"Low Value",One-Time,"Low Value - One-Time"
00e5fd621e63c426ef718e2174ebedc5,1,"2018-03-14 12:09:00",0,2018-03,65.90,"Low Value",One-Time,"Low Value - One-Time"
00e67cd18afc92ef0196eb8cdf31fde0,1,"2017-11-28 21:12:00",0,2017-11,30.10,"Low Value",One-Time,"Low Value - One-Time"
00e6c1a9e0ea3dbda699b60023a194ac,1,"2018-02-03 13:26:00",0,2018-02,151.00,"High Value",One-Time,"High Value - One-Time"
00e707efa5ad9f0e6bcaeeb87910693b,1,"2017-04-17 09:17:00",0,2017-04,23.90,"Low Value",One-Time,"Low Value - One-Time"
00e8cbf31206edcf22b7b118daa13983,1,"2018-01-17 17:59:00",0,2018-01,260.90,"High Value",One-Time,"High Value - One-Time"
00e8de2edf1a4ac05a65e36b4682cd9e,1,"2018-03-20 17:46:00",0,2018-03,120.00,"High Value",One-Time,"High Value - One-Time"
00e91970e7fa706ece5b58bdb6344224,1,"2018-02-20 22:36:00",0,2018-02,25.45,"Low Value",One-Time,"Low Value - One-Time"
00e984e99fdfd52943156d2d7eb4a5e6,1,"2018-08-01 16:26:00",0,2018-08,9.90,"Low Value",One-Time,"Low Value - One-Time"
00eba9372ced7769c4b9f234923d73cc,1,"2017-11-29 20:47:00",0,2017-11,24.50,"Low Value",One-Time,"Low Value - One-Time"
00ec23a308504080697e5204d3dbcb2c,1,"2017-11-26 22:09:00",0,2017-11,98.00,"High Value",One-Time,"High Value - One-Time"
00ec5df43edcae768361caa707fded3e,1,"2017-12-10 19:01:00",0,2017-12,79.00,"Low Value",One-Time,"Low Value - One-Time"
00ec6ce865af3a65e9cca32b180e5d20,1,"2018-03-09 17:34:00",0,2018-03,117.80,"High Value",One-Time,"High Value - One-Time"
00ec821ef89535a690a072e80387b40e,1,"2018-07-17 13:29:00",0,2018-07,110.32,"High Value",One-Time,"High Value - One-Time"
00eca7e1c994897d0a31bf75478f4b55,1,"2017-03-04 23:21:00",0,2017-03,327.98,"High Value",One-Time,"High Value - One-Time"
00ecc71175078e2cac5547a5656e9622,1,"2017-06-10 18:02:00",0,2017-06,219.99,"High Value",One-Time,"High Value - One-Time"
00ee11b831faa111cd62af2f4de8da96,1,"2018-04-28 23:52:00",0,2018-04,16.90,"Low Value",One-Time,"Low Value - One-Time"
00ee7af62ef66b1f9b49f2c2bfd70ad5,1,"2018-07-28 17:27:00",0,2018-07,129.99,"High Value",One-Time,"High Value - One-Time"
00f326313b0a02392c17028f78338df0,1,"2018-08-19 22:46:00",0,2018-08,24.90,"Low Value",One-Time,"Low Value - One-Time"
00f7a39823c05d6a0675aa6dd276bfb0,1,"2018-08-22 12:32:00",0,2018-08,29.99,"Low Value",One-Time,"Low Value - One-Time"
00f8151e6b5d1b3710527075ef845a88,1,"2018-01-09 18:03:00",0,2018-01,150.00,"High Value",One-Time,"High Value - One-Time"
00f8fcf41cceee827e699cc73950218d,1,"2018-05-22 21:58:00",0,2018-05,69.90,"Low Value",One-Time,"Low Value - One-Time"
00face5c8f7dbb7eefd4112722f26903,1,"2018-03-08 21:11:00",0,2018-03,19.90,"Low Value",One-Time,"Low Value - One-Time"
00fb8f6787f67bd33c7e86c9691d2b1c,1,"2018-01-15 17:03:00",0,2018-01,247.23,"High Value",One-Time,"High Value - One-Time"
00fb957ae14ffd35a3211d8aa6d9cf9c,1,"2018-05-18 20:42:00",0,2018-05,43.49,"Low Value",One-Time,"Low Value - One-Time"
00fb9cc86736fe3782dbc828a2eea4a6,1,"2017-12-20 21:44:00",0,2017-12,79.00,"Low Value",One-Time,"Low Value - One-Time"
00fd18b088edb95d1a35457f1c0e1bfa,1,"2018-06-02 23:36:00",0,2018-06,89.99,"High Value",One-Time,"High Value - One-Time"
00fd4a627a3b93cff0729f0b3554640d,1,"2018-08-04 11:26:00",0,2018-08,171.78,"High Value",One-Time,"High Value - One-Time"
00ff5e862f825ac56e5fdfaa6b69dc51,1,"2018-04-24 22:59:00",0,2018-04,35.90,"Low Value",One-Time,"Low Value - One-Time"
01007c64cbffc1eef7ee682dae0ddbfe,1,"2018-07-21 20:09:00",0,2018-07,179.99,"High Value",One-Time,"High Value - One-Time"
01007ebf75cabcd9d81d1aac37b278ca,1,"2018-04-12 16:14:00",0,2018-04,60.90,"Low Value",One-Time,"Low Value - One-Time"
01018f26fb8b8a922c025de40a85a553,1,"2018-01-06 16:40:00",0,2018-01,199.90,"High Value",One-Time,"High Value - One-Time"
0101da21926315ddd81d190e0ec40440,1,"2017-10-25 22:06:00",0,2017-10,139.99,"High Value",One-Time,"High Value - One-Time"
01020c5b6024bc1cf2a3228e566bafb2,1,"2017-08-25 11:21:00",0,2017-08,99.90,"High Value",One-Time,"High Value - One-Time"
01027e860e6fb9591599d94a4189e2ad,1,"2018-05-22 19:45:00",0,2018-05,91.30,"High Value",One-Time,"High Value - One-Time"
01029081d0cfc339576f71ab45713d10,1,"2018-05-19 16:08:00",0,2018-05,27.90,"Low Value",One-Time,"Low Value - One-Time"
01029c2615eacab8d39f0450e6b0bef3,1,"2017-08-03 16:55:00",0,2017-08,205.00,"High Value",One-Time,"High Value - One-Time"
0103751df12aea8b962cfbcd2b61104c,1,"2017-05-26 23:29:00",0,2017-05,19.90,"Low Value",One-Time,"Low Value - One-Time"
0104a702e0f73442fe4dc3bfff6ba373,1,"2018-04-08 11:20:00",0,2018-04,259.00,"High Value",One-Time,"High Value - One-Time"
0104d0840fb6bccc7618c519fbcce1a0,1,"2018-08-22 17:30:00",0,2018-08,116.90,"High Value",One-Time,"High Value - One-Time"
0104d8ef04b9df2891e69bc0e2e6dca4,1,"2017-04-13 16:00:00",0,2017-04,430.00,"High Value",One-Time,"High Value - One-Time"
010513009a288e24dbbc8183d5bcd4e2,1,"2017-08-28 17:37:00",0,2017-08,42.00,"Low Value",One-Time,"Low Value - One-Time"
01051cf3719a23faec8b2307b369faeb,1,"2017-05-27 20:58:00",0,2017-05,129.80,"High Value",One-Time,"High Value - One-Time"
0105c53fe2f742999dcb90ca99f4bfba,1,"2018-01-30 16:13:00",0,2018-01,16.90,"Low Value",One-Time,"Low Value - One-Time"
0105f445969ca7b8fa2e354bec7a95bd,1,"2017-11-19 13:27:00",0,2017-11,139.99,"High Value",One-Time,"High Value - One-Time"
0106cb3b85affbb1c765eef0eac01485,1,"2017-08-29 19:47:00",0,2017-08,49.90,"Low Value",One-Time,"Low Value - One-Time"
01093ce2e3723bdb8de583346d76098c,1,"2018-03-20 10:29:00",0,2018-03,29.40,"Low Value",One-Time,"Low Value - One-Time"
0109643e8c9bc5d8d7791439f3fa4259,1,"2018-01-04 19:15:00",0,2018-01,40.00,"Low Value",One-Time,"Low Value - One-Time"
010a0365ab237a5e2fed9d945121b627,1,"2018-07-14 14:46:00",0,2018-07,50.40,"Low Value",One-Time,"Low Value - One-Time"
010a81611c87c7e19c18f303e39973b2,1,"2017-10-18 11:17:00",0,2017-10,147.90,"High Value",One-Time,"High Value - One-Time"
010ab6653f042ebb8e430f1718f61147,1,"2018-04-14 21:25:00",0,2018-04,24.90,"Low Value",One-Time,"Low Value - One-Time"
010bcf93b3363ccf249034e7250266f0,1,"2017-08-11 20:35:00",0,2017-08,79.90,"Low Value",One-Time,"Low Value - One-Time"
010d09c16c5fee11226ca7c5492892de,1,"2017-11-24 12:23:00",0,2017-11,171.90,"High Value",One-Time,"High Value - One-Time"
010d3cb666c64c115a144d3e6fcbd1d8,1,"2017-10-15 23:34:00",0,2017-10,39.00,"Low Value",One-Time,"Low Value - One-Time"
010fea34d64c9fc635cebbe583f5104a,1,"2018-03-27 23:07:00",0,2018-03,92.10,"High Value",One-Time,"High Value - One-Time"
0113282a7fe79b3d8489193ccc601efb,1,"2018-03-19 08:56:00",0,2018-03,118.00,"High Value",One-Time,"High Value - One-Time"
01147fb2cf81b69cdcfdc1ac4c6fae7e,1,"2018-03-02 09:11:00",0,2018-03,97.00,"High Value",One-Time,"High Value - One-Time"
011509f63f565e822767bfb89c3cf9b7,1,"2017-05-09 14:58:00",0,2017-05,26.69,"Low Value",One-Time,"Low Value - One-Time"
011575986092c30523ecb71ff10cb473,2,"2018-02-17 15:54:00",1,2018-02,182.90,"High Value",Repeat,"High Value - Repeat"
011620d7c45f4d1599c68b2f19e4b73e,1,"2018-01-21 18:12:00",0,2018-01,12.25,"Low Value",One-Time,"Low Value - One-Time"
0116dc6ddf277eb8413a0393cca11c32,1,"2017-09-17 21:03:00",0,2017-09,38.60,"Low Value",One-Time,"Low Value - One-Time"
0116f610fa1418cda75e0d96e1639a03,1,"2017-07-18 11:28:00",0,2017-07,25.90,"Low Value",One-Time,"Low Value - One-Time"
011702c19fd5dec0000a8dbbb5b98809,1,"2017-12-03 21:09:00",0,2017-12,139.90,"High Value",One-Time,"High Value - One-Time"
011733687890faf081be6fde9e7cc7a0,1,"2018-06-21 09:08:00",0,2018-06,49.98,"Low Value",One-Time,"Low Value - One-Time"
011735b41c89ca1e075296f4ecb01a27,1,"2017-11-13 23:00:00",0,2017-11,29.90,"Low Value",One-Time,"Low Value - One-Time"
011784926e81122b1abd0210b5888c22,1,"2018-02-19 15:37:00",0,2018-02,317.90,"High Value",One-Time,"High Value - One-Time"
011785063c56f2c239064f603bf02a05,1,"2018-01-01 09:36:00",0,2018-01,139.00,"High Value",One-Time,"High Value - One-Time"
0117fb2675e2936a2e96dee22e8c992b,1,"2018-05-14 14:46:00",0,2018-05,74.99,"Low Value",One-Time,"Low Value - One-Time"
0117fc67656c020dddef928c878ad5e3,1,"2018-07-13 15:26:00",0,2018-07,65.00,"Low Value",One-Time,"Low Value - One-Time"
01180926dda31d9e6f60befe084788dd,1,"2018-02-14 20:05:00",0,2018-02,65.00,"Low Value",One-Time,"Low Value - One-Time"
011875f0176909c5cf0b14a9138bb691,1,"2017-03-18 20:08:00",0,2017-03,3999.90,"High Value",One-Time,"High Value - One-Time"
01196e80f5309cb251220a6a5b3f57f5,1,"2018-04-03 13:05:00",0,2018-04,14.90,"Low Value",One-Time,"Low Value - One-Time"
011a18cf4e0e74bac46678dd843e3461,1,"2017-10-15 03:18:00",0,2017-10,39.99,"Low Value",One-Time,"Low Value - One-Time"
011b4adcd54683b480c4d841250a987f,2,"2017-08-22 12:51:00",1,2017-08,183.43,"High Value",Repeat,"High Value - Repeat"
011b7396d7220ca4ff52508adcb6b870,1,"2018-01-11 19:36:00",0,2018-01,29.50,"Low Value",One-Time,"Low Value - One-Time"
011c3e6b4b11fa8a326a39e78deb6e66,1,"2017-03-07 18:12:00",0,2017-03,7.87,"Low Value",One-Time,"Low Value - One-Time"
011d6505c026d200e75cb0b6c47da758,1,"2017-12-09 14:40:00",0,2017-12,64.99,"Low Value",One-Time,"Low Value - One-Time"
011fd4914a2d19b2a0e50c29cea5c6a2,1,"2017-05-06 20:58:00",0,2017-05,229.99,"High Value",One-Time,"High Value - One-Time"
01202da9afa875bce3de24c92b764099,1,"2017-10-05 10:35:00",0,2017-10,29.99,"Low Value",One-Time,"Low Value - One-Time"
0121107a0cebf91b6af74f8a4ab3c4d9,1,"2017-11-26 16:31:00",0,2017-11,18.90,"Low Value",One-Time,"Low Value - One-Time"
012216caf4f1082ba3fc02e584de9a29,1,"2017-10-17 23:47:00",0,2017-10,82.99,"Low Value",One-Time,"Low Value - One-Time"
0122d73327d9135f8088572c7d7f5d54,1,"2017-09-07 10:36:00",0,2017-09,49.90,"Low Value",One-Time,"Low Value - One-Time"
012452d40dafae4df401bced74cdb490,2,"2017-06-18 22:46:00",1,2017-06,427.90,"High Value",Repeat,"High Value - Repeat"
0124721bc33e0aa6772b42d4ccfd01db,1,"2017-06-14 09:44:00",0,2017-06,84.99,"Low Value",One-Time,"Low Value - One-Time"
012510db7f0db8481f8a3708400c8db9,1,"2017-03-01 11:52:00",0,2017-03,99.99,"High Value",One-Time,"High Value - One-Time"
0125200158c999d5813b11be482a48da,1,"2018-05-04 16:54:00",0,2018-05,69.90,"Low Value",One-Time,"Low Value - One-Time"
0125fb08af5c9dd55731090aafc63ac8,1,"2018-02-14 12:45:00",0,2018-02,72.90,"Low Value",One-Time,"Low Value - One-Time"
012714eb883337fd2631c13d2daf4466,1,"2018-04-03 22:08:00",0,2018-04,79.99,"Low Value",One-Time,"Low Value - One-Time"
012755131a5b785b0ae3291c339a9051,1,"2018-03-24 13:13:00",0,2018-03,358.98,"High Value",One-Time,"High Value - One-Time"
01290b6163d2a02514a54df49221a668,1,"2017-09-30 12:06:00",0,2017-09,79.90,"Low Value",One-Time,"Low Value - One-Time"
0129147743b7712da1c4a55a59d0fb16,1,"2018-02-26 18:58:00",0,2018-02,34.90,"Low Value",One-Time,"Low Value - One-Time"
0129d48dce554d95f641d01eaa88904a,1,"2018-03-15 22:07:00",0,2018-03,1390.00,"High Value",One-Time,"High Value - One-Time"
012a218df8995d3ec3bb221828360c86,2,"2018-05-07 10:28:00",1,2018-05,1429.80,"High Value",Repeat,"High Value - Repeat"
012ab8ee5f7d76005d838758e9a9452c,1,"2018-08-20 14:31:00",0,2018-08,29.98,"Low Value",One-Time,"Low Value - One-Time"
012b41c1dae00a092474ca48dc764a00,1,"2018-07-23 11:30:00",0,2018-07,318.00,"High Value",One-Time,"High Value - One-Time"
012b8001e47392df808a454083a74b74,1,"2017-02-10 10:02:00",0,2017-02,65.60,"Low Value",One-Time,"Low Value - One-Time"
012ba82b3ff6ea994a4ecc6c848a4782,1,"2018-04-05 15:57:00",0,2018-04,49.00,"Low Value",One-Time,"Low Value - One-Time"
012c61cc2c69b09c85071ccac0ccee16,1,"2017-08-25 21:09:00",0,2017-08,59.00,"Low Value",One-Time,"Low Value - One-Time"
012da9594b65ccb990822802ba0ff2e4,1,"2018-04-11 21:37:00",0,2018-04,63.90,"Low Value",One-Time,"Low Value - One-Time"
012e12f54f6e73b1faba89a119dab849,1,"2017-01-29 19:17:00",0,2017-01,87.74,"Low Value",One-Time,"Low Value - One-Time"
0130a250cff3b3b0649cae3671959139,1,"2018-02-26 14:31:00",0,2018-02,33.00,"Low Value",One-Time,"Low Value - One-Time"
0130baad44d0ccc44bc7526c1ac18c64,1,"2018-07-20 11:10:00",0,2018-07,228.00,"High Value",One-Time,"High Value - One-Time"
0130be8e6677174b8184114f98c16b3c,1,"2017-04-13 11:29:00",0,2017-04,99.99,"High Value",One-Time,"High Value - One-Time"
013341d7f8accddf42fc02f001ad341d,1,"2017-08-28 21:51:00",0,2017-08,610.00,"High Value",One-Time,"High Value - One-Time"
0134417784b9f85470e635c063152a71,1,"2018-04-21 17:34:00",0,2018-04,134.00,"High Value",One-Time,"High Value - One-Time"
0134caf89be2059cfd79af28d8bc1e7f,1,"2018-06-18 21:12:00",0,2018-06,46.40,"Low Value",One-Time,"Low Value - One-Time"
013523c76f4749da72a9ccc4a67cb234,1,"2017-09-13 01:32:00",0,2017-09,29.90,"Low Value",One-Time,"Low Value - One-Time"
013689381e404bf6304f57bab4b8f01d,1,"2018-07-28 13:14:00",0,2018-07,319.80,"High Value",One-Time,"High Value - One-Time"
0136e40591d769adfb219f167a691487,1,"2017-09-19 23:49:00",0,2017-09,42.90,"Low Value",One-Time,"Low Value - One-Time"
0137420de9b02a180c53e5bd64f14750,1,"2018-02-15 21:58:00",0,2018-02,49.90,"Low Value",One-Time,"Low Value - One-Time"
01376b24e146a15f52ca8382af02fe62,1,"2017-07-07 15:13:00",0,2017-07,69.90,"Low Value",One-Time,"Low Value - One-Time"
0137839e600d4edd0949a8ce7c171164,1,"2017-12-13 06:59:00",0,2017-12,129.90,"High Value",One-Time,"High Value - One-Time"
013802b3b98584222c1280e654a655b1,1,"2018-05-16 18:10:00",0,2018-05,113.90,"High Value",One-Time,"High Value - One-Time"
0138dff42973f40e8f5225472526f278,1,"2018-04-30 08:34:00",0,2018-04,149.90,"High Value",One-Time,"High Value - One-Time"
0139884762afa50d78fe480646fe92b5,1,"2017-05-03 08:28:00",0,2017-05,49.99,"Low Value",One-Time,"Low Value - One-Time"
01399b72331afe80cc0c3a982cafb177,1,"2018-07-07 18:35:00",0,2018-07,22.49,"Low Value",One-Time,"Low Value - One-Time"
0139d2cb6ca3b630b5833d49634d328e,1,"2017-11-16 13:50:00",0,2017-11,120.00,"High Value",One-Time,"High Value - One-Time"
013a435769899074c568863694560449,1,"2018-03-27 22:03:00",0,2018-03,987.00,"High Value",One-Time,"High Value - One-Time"
013ae505c83f5fb1905ed23afdafd3a2,1,"2017-10-28 22:10:00",0,2017-10,110.00,"High Value",One-Time,"High Value - One-Time"
013b6090dc49b5fa51196b20ec11f19c,1,"2018-02-05 20:47:00",0,2018-02,9.90,"Low Value",One-Time,"Low Value - One-Time"
013dd47ed31ce4de00cb434b2cae5386,1,"2018-04-12 10:23:00",0,2018-04,117.30,"High Value",One-Time,"High Value - One-Time"
013ef03e0f3f408dd9bf555e4edcdc0a,2,"2018-06-21 04:46:00",1,2018-06,226.34,"High Value",Repeat,"High Value - Repeat"
013f3d6549189a4802a268131ef47a77,1,"2017-10-12 11:37:00",0,2017-10,81.99,"Low Value",One-Time,"Low Value - One-Time"
013f4353d26bb05dc6652f1269458d8d,2,"2017-11-24 13:33:00",1,2017-11,276.90,"High Value",Repeat,"High Value - Repeat"
01413c132b54b9b7dfadc2ee71ef78c8,1,"2017-11-08 19:05:00",0,2017-11,34.90,"Low Value",One-Time,"Low Value - One-Time"
0143a04eabe01ceb3a9fe2dde984e2b0,1,"2018-05-30 13:42:00",0,2018-05,157.00,"High Value",One-Time,"High Value - One-Time"
01440d8dea55a5d0ed27d26c41044761,1,"2018-02-10 20:36:00",0,2018-02,155.00,"High Value",One-Time,"High Value - One-Time"
014410afdd8e0393ec17e9d8488449e0,1,"2018-02-23 12:04:00",0,2018-02,699.00,"High Value",One-Time,"High Value - One-Time"
014593e48e9119391b9c70206fcadca8,1,"2017-09-22 14:49:00",0,2017-09,129.99,"High Value",One-Time,"High Value - One-Time"
0145b1b14166b43baa374daddffca8fd,1,"2017-09-08 14:44:00",0,2017-09,19.90,"Low Value",One-Time,"Low Value - One-Time"
0145bfdfe85402b2249c7437bd297a07,1,"2017-10-14 21:03:00",0,2017-10,56.99,"Low Value",One-Time,"Low Value - One-Time"
0145c2c66ea8f764ed8d8015ce149af7,1,"2018-07-16 23:56:00",0,2018-07,17.00,"Low Value",One-Time,"Low Value - One-Time"
0145fc4d376df22449756022b9ccb472,1,"2018-05-31 17:39:00",0,2018-05,19.90,"Low Value",One-Time,"Low Value - One-Time"
01462a1d33f1b303bead3ec1ae2c4f7e,1,"2018-07-09 21:53:00",0,2018-07,79.90,"Low Value",One-Time,"Low Value - One-Time"
014644ae002bacd78bb05521f7e9aaab,1,"2018-03-09 17:23:00",0,2018-03,12.90,"Low Value",One-Time,"Low Value - One-Time"
01469c41b00bb21cd01d2104b8e81384,1,"2017-02-11 18:33:00",0,2017-02,89.90,"High Value",One-Time,"High Value - One-Time"
01489018af4a609acb2fa2634c9ce643,1,"2018-08-07 16:50:00",0,2018-08,58.99,"Low Value",One-Time,"Low Value - One-Time"
014ce9c0a3df00f77a6932a7b371a3bc,1,"2018-08-27 11:19:00",0,2018-08,15.90,"Low Value",One-Time,"Low Value - One-Time"
014dc284927e986549bf255eb79eb3ab,1,"2017-12-28 21:35:00",0,2017-12,129.90,"High Value",One-Time,"High Value - One-Time"
014dcb5d582d60bca6a379e45a9041da,1,"2018-02-02 18:17:00",0,2018-02,11.89,"Low Value",One-Time,"Low Value - One-Time"
014e4042a6b3ed0b1a6cd14c7639bb84,1,"2018-04-04 05:12:00",0,2018-04,219.90,"High Value",One-Time,"High Value - One-Time"
014f7e8caea3379aa3d30558424ca54f,1,"2018-06-25 15:10:00",0,2018-06,37.90,"Low Value",One-Time,"Low Value - One-Time"
014fa2f37ee690774a7505252a28daf3,1,"2017-03-22 11:40:00",0,2017-03,24.90,"Low Value",One-Time,"Low Value - One-Time"
015124b67936296eb7250b38c906a627,1,"2018-03-18 08:25:00",0,2018-03,39.00,"Low Value",One-Time,"Low Value - One-Time"
01512524d623f78040531c0d8e20a772,1,"2017-10-16 01:21:00",0,2017-10,72.90,"Low Value",One-Time,"Low Value - One-Time"
0151b5ff5b5d642815f094f303e7052a,1,"2017-04-06 13:45:00",0,2017-04,35.00,"Low Value",One-Time,"Low Value - One-Time"
0151bcc17b8ae63a495b6c9fe6f708a1,1,"2018-03-09 10:43:00",0,2018-03,69.90,"Low Value",One-Time,"Low Value - One-Time"
0151cf157e4682357e62be311f4823b7,1,"2017-11-27 02:27:00",0,2017-11,79.90,"Low Value",One-Time,"Low Value - One-Time"
01525fe1e0d8e9616b2503260671d20d,1,"2018-08-10 12:24:00",0,2018-08,69.00,"Low Value",One-Time,"Low Value - One-Time"
0152897024d0ddad70baafe17ed705f4,1,"2018-03-15 23:46:00",0,2018-03,74.70,"Low Value",One-Time,"Low Value - One-Time"
01531f72337b960a58cdba9c94e96d1a,1,"2017-11-07 01:07:00",0,2017-11,29.00,"Low Value",One-Time,"Low Value - One-Time"
015366a7c13024e36f1f125d8f9a9e67,1,"2017-03-21 10:29:00",0,2017-03,177.00,"High Value",One-Time,"High Value - One-Time"
0153b79c47a4953a7dad6fb93ab45a02,1,"2017-10-08 21:20:00",0,2017-10,193.00,"High Value",One-Time,"High Value - One-Time"
01541e2754a6e7830b2871d7191d27e2,1,"2018-08-11 09:50:00",0,2018-08,35.00,"Low Value",One-Time,"Low Value - One-Time"
015546ec984c58044b2a1304f24193a7,1,"2018-01-30 10:05:00",0,2018-01,79.00,"Low Value",One-Time,"Low Value - One-Time"
015557c9912277312b9073947804a7ba,2,"2017-03-23 22:45:00",1,2017-03,289.90,"High Value",Repeat,"High Value - Repeat"
015613e1b7c050cd2331d34076fce1c6,1,"2018-03-31 13:49:00",0,2018-03,78.00,"Low Value",One-Time,"Low Value - One-Time"
01561f92006fd3ba8a8a4246b7f38101,1,"2017-10-11 10:50:00",0,2017-10,119.80,"High Value",One-Time,"High Value - One-Time"
0156e3456c1959644b2da32c2cee358c,1,"2018-08-02 21:24:00",0,2018-08,69.99,"Low Value",One-Time,"Low Value - One-Time"
01575c2596c13ff2422df080a71b481b,1,"2017-10-31 22:14:00",0,2017-10,50.00,"Low Value",One-Time,"Low Value - One-Time"
0158b70c1d28da409abddfcaa5f0801a,1,"2017-04-26 17:00:00",0,2017-04,59.90,"Low Value",One-Time,"Low Value - One-Time"
015906d05142c9dc02e816c29c044bba,1,"2018-01-09 00:53:00",0,2018-01,289.00,"High Value",One-Time,"High Value - One-Time"
01593b828c6e7c516ed078a4820ab9b2,1,"2018-07-06 18:16:00",0,2018-07,31.99,"Low Value",One-Time,"Low Value - One-Time"
015aba8b6e516fbf6ee76c164c11987b,1,"2018-02-24 16:42:00",0,2018-02,69.90,"Low Value",One-Time,"Low Value - One-Time"
015b72d1a4ec2bfcf75518ada117c62b,1,"2018-07-17 14:35:00",0,2018-07,229.98,"High Value",One-Time,"High Value - One-Time"
015ba10edbe7988bff82867b4480c225,1,"2017-06-30 14:05:00",0,2017-06,248.00,"High Value",One-Time,"High Value - One-Time"
015cd0b039aa3b36cf78f41d8f54e3d0,1,"2018-02-26 13:20:00",0,2018-02,82.80,"Low Value",One-Time,"Low Value - One-Time"
015d45ef9d6462cf0d5f062c54f26941,1,"2018-01-20 22:16:00",0,2018-01,189.90,"High Value",One-Time,"High Value - One-Time"
015dc4d69b97b8784298de6c9484797b,1,"2017-10-07 08:23:00",0,2017-10,89.00,"Low Value",One-Time,"Low Value - One-Time"
015e470a59ee1adbb4d6586fd90e4c52,1,"2018-02-09 11:21:00",0,2018-02,49.00,"Low Value",One-Time,"Low Value - One-Time"
015f170c7abe45372b9f0414d901e71b,1,"2017-11-16 23:02:00",0,2017-11,58.00,"Low Value",One-Time,"Low Value - One-Time"
015fcc1fe9d3319fb41b08e986684598,1,"2017-06-24 12:58:00",0,2017-06,269.99,"High Value",One-Time,"High Value - One-Time"
0161783a9f93dcefde5ea508501713b2,1,"2017-10-06 14:32:00",0,2017-10,22.50,"Low Value",One-Time,"Low Value - One-Time"
0161ede24e46b8e50ed493e5f8b3b305,1,"2017-12-06 10:27:00",0,2017-12,69.90,"Low Value",One-Time,"Low Value - One-Time"
016201b260065cecbb315f4de0b0dc76,1,"2017-11-24 20:41:00",0,2017-11,139.90,"High Value",One-Time,"High Value - One-Time"
01626676a41ff29901f7b42bc8e09dd8,1,"2018-03-09 09:10:00",0,2018-03,38.70,"Low Value",One-Time,"Low Value - One-Time"
016547a638c42ea1061a1400eab339d2,1,"2018-01-29 14:42:00",0,2018-01,49.90,"Low Value",One-Time,"Low Value - One-Time"
0165dc4e0c64d7c1e17757ab8676f213,1,"2018-05-31 11:16:00",0,2018-05,99.90,"High Value",One-Time,"High Value - One-Time"
0166e2f8aaec14c93d23dea2523beac5,1,"2018-06-16 12:45:00",0,2018-06,185.00,"High Value",One-Time,"High Value - One-Time"
0167f525469634cccbda49491f01324c,1,"2018-08-12 21:33:00",0,2018-08,55.00,"Low Value",One-Time,"Low Value - One-Time"
016846e2dd862cba9a2a10eff5ac244f,1,"2017-05-12 15:34:00",0,2017-05,399.98,"High Value",One-Time,"High Value - One-Time"
01689985c22786e41347d5167048b25e,1,"2018-07-20 11:09:00",0,2018-07,269.70,"High Value",One-Time,"High Value - One-Time"
016a461e59c71a989c278fb565441696,1,"2017-08-08 19:38:00",0,2017-08,200.00,"High Value",One-Time,"High Value - One-Time"
016a528e7cb02b29de37ea55cf89b9d1,1,"2017-12-09 18:32:00",0,2017-12,13.65,"Low Value",One-Time,"Low Value - One-Time"
016a5760b723a3a0bcb4b294d4bc6b45,1,"2018-07-09 20:06:00",0,2018-07,199.90,"High Value",One-Time,"High Value - One-Time"
016ac660c79288138b5d6d3570eadc9d,1,"2017-12-07 00:37:00",0,2017-12,70.97,"Low Value",One-Time,"Low Value - One-Time"
016c60628fc64e15fa5990e58a0b57c1,1,"2017-07-20 11:20:00",0,2017-07,229.74,"High Value",One-Time,"High Value - One-Time"
016dc4411329d2b3292a0fbf1402e95e,1,"2018-06-19 23:00:00",0,2018-06,209.99,"High Value",One-Time,"High Value - One-Time"
016e32e564ee03416c6f73e44a4e802a,1,"2017-03-12 23:31:00",0,2017-03,69.90,"Low Value",One-Time,"Low Value - One-Time"
016e68615e12298a0a004a44d3b78579,1,"2018-06-07 11:19:00",0,2018-06,49.90,"Low Value",One-Time,"Low Value - One-Time"
016feebfaba953a2456d3a063b8eb8ef,1,"2017-02-13 12:10:00",0,2017-02,49.90,"Low Value",One-Time,"Low Value - One-Time"
0170c406cddfc9a551a3f8045379afe5,1,"2018-02-22 01:14:00",0,2018-02,57.99,"Low Value",One-Time,"Low Value - One-Time"
01726e5d6a88d1a8dffd9578872ce54e,1,"2018-02-14 11:42:00",0,2018-02,779.80,"High Value",One-Time,"High Value - One-Time"
017500c32b7353decc3a3a4d91acd0cc,1,"2018-01-31 14:47:00",0,2018-01,87.80,"Low Value",One-Time,"Low Value - One-Time"
0176190d05dbc46f20484610a0a0e1fb,1,"2017-04-27 15:15:00",0,2017-04,289.90,"High Value",One-Time,"High Value - One-Time"
01762637819e8e1cb4093ff1589b0f00,1,"2018-01-04 15:39:00",0,2018-01,129.00,"High Value",One-Time,"High Value - One-Time"
01769144da2a7ea21cc6163452b5824d,1,"2018-03-11 20:22:00",0,2018-03,49.90,"Low Value",One-Time,"Low Value - One-Time"
0177c9c4715fe173b9c26fdd95a94579,1,"2017-11-25 23:17:00",0,2017-11,109.66,"High Value",One-Time,"High Value - One-Time"
0177f6975b155c814ea6273eccc58d82,1,"2018-03-02 11:01:00",0,2018-03,217.00,"High Value",One-Time,"High Value - One-Time"
0178b244a5c281fb2ade54038dd4b161,2,"2017-05-10 20:04:00",1,2017-05,208.88,"High Value",Repeat,"High Value - Repeat"
0178df128a2cb4f9914c8c3beb8a57f6,1,"2017-12-11 08:45:00",0,2017-12,18.90,"Low Value",One-Time,"Low Value - One-Time"
0178fa4e501691dec0663f439950d4de,1,"2018-02-13 19:52:00",0,2018-02,23.80,"Low Value",One-Time,"Low Value - One-Time"
01798446b9d249eb006931079a273601,1,"2018-07-13 14:12:00",0,2018-07,69.50,"Low Value",One-Time,"Low Value - One-Time"
017adfe7897c78902d9f7d58cd855990,1,"2017-08-15 09:26:00",0,2017-08,239.90,"High Value",One-Time,"High Value - One-Time"
017ae1edebbc1749a64a520e37633c3c,1,"2018-05-01 14:28:00",0,2018-05,399.00,"High Value",One-Time,"High Value - One-Time"
017bddd3844cbc8c9259179f66786333,1,"2018-01-26 22:32:00",0,2018-01,159.99,"High Value",One-Time,"High Value - One-Time"
017c17dd6f2e7859373a5724b863801e,1,"2018-01-04 16:55:00",0,2018-01,86.90,"Low Value",One-Time,"Low Value - One-Time"
017c477c81dd0f10726f7828f0475c0e,1,"2018-04-17 10:23:00",0,2018-04,51.00,"Low Value",One-Time,"Low Value - One-Time"
017c4e59e1a95482f32f65e03a46af95,1,"2018-05-17 10:18:00",0,2018-05,69.99,"Low Value",One-Time,"Low Value - One-Time"
017c5a91ab1759799a4d68be8091b8ab,1,"2018-04-25 21:28:00",0,2018-04,68.80,"Low Value",One-Time,"Low Value - One-Time"
017c61c786dae249f339e690764ec7e6,1,"2017-10-05 14:36:00",0,2017-10,55.00,"Low Value",One-Time,"Low Value - One-Time"
017c7f75ca30943882f48d5fda81e2df,1,"2017-09-16 18:33:00",0,2017-09,139.80,"High Value",One-Time,"High Value - One-Time"
017d9afa17ebea3b2a7c03ed6bc954be,1,"2017-07-15 09:42:00",0,2017-07,29.00,"Low Value",One-Time,"Low Value - One-Time"
017da2695c69ee376b8b4220cf0f61ec,1,"2018-06-18 19:25:00",0,2018-06,57.89,"Low Value",One-Time,"Low Value - One-Time"
017eb8439a0ca7dcfc228f933bd204d8,1,"2018-02-28 00:38:00",0,2018-02,35.00,"Low Value",One-Time,"Low Value - One-Time"
017fa9ba22880652e440025a91d5a66b,1,"2017-08-21 15:35:00",0,2017-08,26.90,"Low Value",One-Time,"Low Value - One-Time"
017fde295de136549d89d951da362287,1,"2017-07-14 12:12:00",0,2017-07,27.80,"Low Value",One-Time,"Low Value - One-Time"
017fe3adcd1989f1ea8bac1848bd1b94,1,"2018-05-29 03:34:00",0,2018-05,30.00,"Low Value",One-Time,"Low Value - One-Time"
0180d29fed77d26d59490f37198514a1,1,"2018-07-02 21:45:00",0,2018-07,60.00,"Low Value",One-Time,"Low Value - One-Time"
0181f57a87c6a2f0e0fe2807f67aef0e,1,"2017-05-10 16:06:00",0,2017-05,13.99,"Low Value",One-Time,"Low Value - One-Time"
01835b7ef446c78d0c37077894aa068d,1,"2018-04-03 17:40:00",0,2018-04,55.80,"Low Value",One-Time,"Low Value - One-Time"
01838e7d69d87bd8ff2b6ff06789adfb,1,"2017-01-21 22:41:00",0,2017-01,126.90,"High Value",One-Time,"High Value - One-Time"
0184070f27c13c909a1de7b1b059b496,1,"2018-01-13 21:57:00",0,2018-01,139.99,"High Value",One-Time,"High Value - One-Time"
0185135ffdd866d3a29efa833ac0829b,1,"2018-03-10 20:57:00",0,2018-03,69.90,"Low Value",One-Time,"Low Value - One-Time"
01858f2fad256b1689f5bdafc059f745,1,"2018-07-31 19:44:00",0,2018-07,1799.00,"High Value",One-Time,"High Value - One-Time"
0185fbd2271efbc59bbb96ad3e99a7b8,1,"2018-04-18 19:28:00",0,2018-04,22.00,"Low Value",One-Time,"Low Value - One-Time"
01873d3c2fc620aa701e30d2c4181673,1,"2018-04-10 15:53:00",0,2018-04,44.90,"Low Value",One-Time,"Low Value - One-Time"
01878328db858b71da86bdc8966ea729,1,"2018-05-16 10:18:00",0,2018-05,50.00,"Low Value",One-Time,"Low Value - One-Time"
0187e88f4c9b2e4c92e5d47ffa0e1da9,1,"2018-02-22 16:26:00",0,2018-02,64.90,"Low Value",One-Time,"Low Value - One-Time"
018864afd6d3af6af6e3cf1245fc5ff8,1,"2018-05-11 10:09:00",0,2018-05,9.90,"Low Value",One-Time,"Low Value - One-Time"
01886ef98f995e4f2dd75a1d04c97397,2,"2017-11-27 20:47:00",1,2017-11,41.26,"Low Value",Repeat,"Low Value - Repeat"
018875156db79cf3fb697342f256c329,1,"2017-07-06 19:46:00",0,2017-07,45.00,"Low Value",One-Time,"Low Value - One-Time"
0189137aa093295df2116467b8201d66,1,"2017-10-07 21:37:00",0,2017-10,35.90,"Low Value",One-Time,"Low Value - One-Time"
0189334b410cf5340ba839359af8a959,1,"2017-11-12 19:14:00",0,2017-11,190.90,"High Value",One-Time,"High Value - One-Time"
018974568b0b5a8c395465dee270c3a9,1,"2017-07-25 22:14:00",0,2017-07,34.99,"Low Value",One-Time,"Low Value - One-Time"
0189955e61056a22dd6e7cb03603a149,1,"2017-06-08 23:48:00",0,2017-06,94.90,"High Value",One-Time,"High Value - One-Time"
0189cca3aa2a0f75ca0cde94ee38be57,1,"2017-06-05 21:32:00",0,2017-06,84.99,"Low Value",One-Time,"Low Value - One-Time"
018ad5828f8f66b69604caabd0aa78ca,1,"2017-03-05 15:26:00",0,2017-03,19.90,"Low Value",One-Time,"Low Value - One-Time"
018b0a8d048e41f2d1f55e56dcbd335c,1,"2017-07-25 01:06:00",0,2017-07,179.90,"High Value",One-Time,"High Value - One-Time"
018b5a7502c30eb5f230f1b4eb23a156,1,"2017-08-20 18:10:00",0,2017-08,39.99,"Low Value",One-Time,"Low Value - One-Time"
018c9bbd7d61c91f2abf3cd77b5010ad,1,"2018-01-15 10:00:00",0,2018-01,80.00,"Low Value",One-Time,"Low Value - One-Time"
018ca9b2c9f793a0e43e75d6a3eca86a,1,"2018-01-31 19:15:00",0,2018-01,87.90,"Low Value",One-Time,"Low Value - One-Time"
018ccb97f791b89dc7ae72b4a114b00a,1,"2017-12-01 17:30:00",0,2017-12,199.99,"High Value",One-Time,"High Value - One-Time"
018d9881368d5098100c2430b8ed8bdd,1,"2018-02-22 02:08:00",0,2018-02,33.99,"Low Value",One-Time,"Low Value - One-Time"
018e2017f47d05d438effa6d15061c2d,1,"2017-12-14 10:52:00",0,2017-12,29.99,"Low Value",One-Time,"Low Value - One-Time"
018e7e423aa73a3d7183d8c7c7a7c50d,1,"2018-08-18 08:55:00",0,2018-08,29.99,"Low Value",One-Time,"Low Value - One-Time"
01922cf678f7c6d925421a273a885fbf,1,"2018-06-26 16:37:00",0,2018-06,89.90,"High Value",One-Time,"High Value - One-Time"
01927626c24c5826ceb6ca6b2797fd60,1,"2018-03-21 11:23:00",0,2018-03,259.90,"High Value",One-Time,"High Value - One-Time"
0192a97d19fd891f0a4453609753b886,1,"2018-06-19 21:36:00",0,2018-06,99.90,"High Value",One-Time,"High Value - One-Time"
019322e670d197f31413176b865880fd,1,"2017-06-27 12:23:00",0,2017-06,18.99,"Low Value",One-Time,"Low Value - One-Time"
01940bd0ea09e8cbbeb24452e58dcb0e,1,"2018-07-17 19:09:00",0,2018-07,45.80,"Low Value",One-Time,"Low Value - One-Time"
019441bdb2c9b0b1990cac725c427960,1,"2018-05-14 10:58:00",0,2018-05,118.00,"High Value",One-Time,"High Value - One-Time"
0195b599954bfa2cfac327dd3b35a877,1,"2018-04-20 10:39:00",0,2018-04,159.90,"High Value",One-Time,"High Value - One-Time"
0195c54646cda6452f5e1a0474f3b502,1,"2018-05-09 17:18:00",0,2018-05,49.80,"Low Value",One-Time,"Low Value - One-Time"
0196285e88e29cdf2c0afba10cddd9f0,1,"2018-07-17 09:39:00",0,2018-07,22.00,"Low Value",One-Time,"Low Value - One-Time"
01977d0ffb59b3b64796aeec649edec8,1,"2017-10-13 12:28:00",0,2017-10,147.90,"High Value",One-Time,"High Value - One-Time"
0197bf8828afdb5ef6a6f7446a52607e,1,"2017-09-27 14:42:00",0,2017-09,159.00,"High Value",One-Time,"High Value - One-Time"
019890d2ead42f267a2c66919d9dedce,1,"2018-01-08 15:11:00",0,2018-01,179.00,"High Value",One-Time,"High Value - One-Time"
0199358f4d397a51c763be597977ddd1,1,"2018-07-19 13:20:00",0,2018-07,94.99,"High Value",One-Time,"High Value - One-Time"
0199360d5869b53eece5870f3bd1ef0e,1,"2017-05-21 08:05:00",0,2017-05,740.00,"High Value",One-Time,"High Value - One-Time"
019954cc9c2ceb2084881eefdf48f0f9,1,"2017-09-27 14:51:00",0,2017-09,89.00,"Low Value",One-Time,"Low Value - One-Time"
019ac5580a897d52e5ed6f7ed89ade27,1,"2017-09-06 09:49:00",0,2017-09,1287.00,"High Value",One-Time,"High Value - One-Time"
019c20bc411068e6f296cd471ac8425b,1,"2017-11-16 17:03:00",0,2017-11,53.00,"Low Value",One-Time,"Low Value - One-Time"
019cd54cc450bdfb2de3e83dced0c511,1,"2017-08-02 08:39:00",0,2017-08,205.00,"High Value",One-Time,"High Value - One-Time"
019d47513bb1164cc83fc2d6d7123ef8,1,"2017-02-10 21:37:00",0,2017-02,175.90,"High Value",One-Time,"High Value - One-Time"
019e6c1c524669436535388a1cd5cefd,1,"2017-07-27 13:25:00",0,2017-07,369.90,"High Value",One-Time,"High Value - One-Time"
019ea19e666644625032de5efe2ceb71,1,"2018-05-14 21:59:00",0,2018-05,82.76,"Low Value",One-Time,"Low Value - One-Time"
019ed386aec9ff0f9eab4a590231174e,1,"2018-07-31 10:27:00",0,2018-07,839.40,"High Value",One-Time,"High Value - One-Time"
019ee3ac31baf4383471c760125e2977,1,"2018-08-22 10:49:00",0,2018-08,30.00,"Low Value",One-Time,"Low Value - One-Time"
019f29cee4d4031f59fed390d3cd0bc7,1,"2017-07-02 13:05:00",0,2017-07,74.90,"Low Value",One-Time,"Low Value - One-Time"
019fcfdd0b0ec239cc2b536428064c47,1,"2018-07-10 22:18:00",0,2018-07,311.90,"High Value",One-Time,"High Value - One-Time"
01a013f2d3d7b0fa074a09d3e6e7b611,1,"2017-04-13 17:20:00",0,2017-04,289.90,"High Value",One-Time,"High Value - One-Time"
01a0f3dc3a406f7fc8593565e1a50b4f,1,"2017-07-23 10:46:00",0,2017-07,18.90,"Low Value",One-Time,"Low Value - One-Time"
01a17507586f0f10f52e7e86ac73e1f7,1,"2018-06-22 18:47:00",0,2018-06,479.00,"High Value",One-Time,"High Value - One-Time"
01a20270c305052404127be803843f2f,1,"2017-06-04 11:09:00",0,2017-06,149.00,"High Value",One-Time,"High Value - One-Time"
01a22e2079ea71e17313b88e5811e54a,2,"2018-01-22 22:45:00",1,2018-01,142.00,"High Value",Repeat,"High Value - Repeat"
01a2ad01e93ccfaf7eaff9bda6f2320c,1,"2018-03-17 23:09:00",0,2018-03,129.00,"High Value",One-Time,"High Value - One-Time"
01a3427def071b9efaf74a817c4e023b,1,"2017-05-25 12:11:00",0,2017-05,16.50,"Low Value",One-Time,"Low Value - One-Time"
01a379e7c61f254c6c1bfc842b4d9416,1,"2017-10-22 12:23:00",0,2017-10,24.90,"Low Value",One-Time,"Low Value - One-Time"
01a4788c8bd6d0d6a5b16ccdfd393b74,1,"2018-06-08 16:47:00",0,2018-06,64.00,"Low Value",One-Time,"Low Value - One-Time"
01a4fe5fc00bbdb0b0a4af5a5345cca5,1,"2018-05-31 10:45:00",0,2018-05,399.00,"High Value",One-Time,"High Value - One-Time"
01a551a1f8c7955ba259897b2e3d2e30,1,"2018-08-22 11:27:00",0,2018-08,40.00,"Low Value",One-Time,"Low Value - One-Time"
01a6d398ee25ef8ce7ace2d3620ce248,1,"2018-03-19 19:36:00",0,2018-03,49.00,"Low Value",One-Time,"Low Value - One-Time"
01a8574d68d5a495ebe94a4790f6fe34,1,"2017-11-26 14:00:00",0,2017-11,118.99,"High Value",One-Time,"High Value - One-Time"
01a8a2fa13dad647949ff57927e63b0d,1,"2017-03-30 22:15:00",0,2017-03,42.99,"Low Value",One-Time,"Low Value - One-Time"
01aa30b6c0412a1548fc29e2c98033cf,1,"2017-11-22 14:14:00",0,2017-11,269.00,"High Value",One-Time,"High Value - One-Time"
01aae089a9f716c2d948a24c5406603d,1,"2017-11-23 21:29:00",0,2017-11,69.90,"Low Value",One-Time,"Low Value - One-Time"
01ab4b660bfe57375e0486a07bbe31eb,1,"2018-03-29 09:10:00",0,2018-03,78.00,"Low Value",One-Time,"Low Value - One-Time"
01ac1e0b4421bb9946e56692e21226f0,1,"2018-04-05 19:58:00",0,2018-04,53.04,"Low Value",One-Time,"Low Value - One-Time"
01ac33544e5b7d1e79f7d69a065282f3,1,"2018-06-27 18:35:00",0,2018-06,60.90,"Low Value",One-Time,"Low Value - One-Time"
01ad914ceb44eddfbf992570e6a5ef49,1,"2018-06-24 18:49:00",0,2018-06,79.90,"Low Value",One-Time,"Low Value - One-Time"
01ae3897d0da657af5dc0b0dab9df7dc,1,"2018-01-02 20:24:00",0,2018-01,24.99,"Low Value",One-Time,"Low Value - One-Time"
01ae92e9e94bec47e10ef885402cfe54,1,"2017-11-24 20:15:00",0,2017-11,127.00,"High Value",One-Time,"High Value - One-Time"
01af16b985b3ad90d75333691e2da6ab,1,"2018-02-12 19:04:00",0,2018-02,30.99,"Low Value",One-Time,"Low Value - One-Time"
01b0d417af24703a0b20cbe71f354285,1,"2017-02-18 21:21:00",0,2017-02,64.90,"Low Value",One-Time,"Low Value - One-Time"
01b0e04852a70de5404609e82e8fc0ba,1,"2018-01-08 09:35:00",0,2018-01,98.90,"High Value",One-Time,"High Value - One-Time"
01b0e4e53ea06107438b0738d8d670e2,1,"2018-01-25 17:46:00",0,2018-01,219.00,"High Value",One-Time,"High Value - One-Time"
01b3e064c4fc4372a269bdc02c131850,1,"2018-08-27 21:27:00",0,2018-08,274.90,"High Value",One-Time,"High Value - One-Time"
01b42ac9d3801e6edf67f7a95f04a838,1,"2018-08-06 12:26:00",0,2018-08,59.00,"Low Value",One-Time,"Low Value - One-Time"
01b466cc9a9e663eb04f4b8890dbc5f1,1,"2017-10-12 11:12:00",0,2017-10,799.99,"High Value",One-Time,"High Value - One-Time"
01b51b6ca4757ff714f2a54043e5c7b4,1,"2018-01-09 09:33:00",0,2018-01,129.00,"High Value",One-Time,"High Value - One-Time"
01b531d9fa14ce8894156d72f7ee8b92,1,"2017-08-09 13:04:00",0,2017-08,106.90,"High Value",One-Time,"High Value - One-Time"
01b53609a2d3710857e22775bbf8ec0f,1,"2018-05-17 10:10:00",0,2018-05,79.80,"Low Value",One-Time,"Low Value - One-Time"
01b6eceb8d393992f590cdb60a41e388,1,"2017-10-07 10:45:00",0,2017-10,39.90,"Low Value",One-Time,"Low Value - One-Time"
01b7463b1d6850a0ddfb4a93e05d0671,1,"2017-05-17 16:18:00",0,2017-05,103.97,"High Value",One-Time,"High Value - One-Time"
01b84e3fa2897be6eec7fadddb3d56f3,1,"2017-10-25 18:15:00",0,2017-10,98.90,"High Value",One-Time,"High Value - One-Time"
01ba3180d3c6e7a6e269c5a542985423,1,"2018-02-21 17:27:00",0,2018-02,92.66,"High Value",One-Time,"High Value - One-Time"
01bbbfc56b8ec1052e46f260226e34f9,1,"2018-04-02 15:21:00",0,2018-04,239.97,"High Value",One-Time,"High Value - One-Time"
01bc72407ac3ab328e54938f599d2231,1,"2018-06-12 17:26:00",0,2018-06,12.00,"Low Value",One-Time,"Low Value - One-Time"
01bc9765e0b1cbb83ec85d576ddc4ef6,1,"2018-08-15 17:00:00",0,2018-08,199.99,"High Value",One-Time,"High Value - One-Time"
01bdeb2c0f524bb2119a8c0cd5419f5f,1,"2017-12-30 11:34:00",0,2017-12,69.99,"Low Value",One-Time,"Low Value - One-Time"
01be09e08ce97be4356a7c93bda4ee70,1,"2017-05-18 09:56:00",0,2017-05,39.00,"Low Value",One-Time,"Low Value - One-Time"
01bf812bfa21271c91dbd9bcb9fb055a,1,"2018-06-11 07:14:00",0,2018-06,119.00,"High Value",One-Time,"High Value - One-Time"
01bf87cfe6b10b53c057c03b9e7d034f,1,"2017-10-18 12:36:00",0,2017-10,39.90,"Low Value",One-Time,"Low Value - One-Time"
01bfd443225216fd172d2af98ae80068,1,"2018-03-06 12:54:00",0,2018-03,129.00,"High Value",One-Time,"High Value - One-Time"
01c12b236caa6f6d630b985da0ab5d30,1,"2017-08-21 23:13:00",0,2017-08,89.90,"High Value",One-Time,"High Value - One-Time"
01c1529c867b31e5b6c34ad4ccaab314,1,"2018-08-04 21:15:00",0,2018-08,59.80,"Low Value",One-Time,"Low Value - One-Time"
01c15633aa5baf9c6d2685354fd82747,1,"2017-07-11 03:13:00",0,2017-07,89.90,"High Value",One-Time,"High Value - One-Time"
01c19b1261325781dcf2f82c9892f80e,1,"2018-05-10 21:07:00",0,2018-05,105.00,"High Value",One-Time,"High Value - One-Time"
01c1e31277120e8c6360c6448cbd4c80,1,"2018-02-05 20:19:00",0,2018-02,89.90,"High Value",One-Time,"High Value - One-Time"
01c228e91a729c993c054756eaeb680c,1,"2017-12-05 21:30:00",0,2017-12,16.99,"Low Value",One-Time,"Low Value - One-Time"
01c289bb06354cdc7e6549570f20ada4,2,"2017-06-03 19:11:00",1,2017-06,139.98,"High Value",Repeat,"High Value - Repeat"
01c64acc2efd27442844ed61dd9981cc,1,"2018-04-17 10:05:00",0,2018-04,19.99,"Low Value",One-Time,"Low Value - One-Time"
01c6812053d3159e3f8f0a3d92af3cc5,1,"2017-11-09 18:53:00",0,2017-11,109.90,"High Value",One-Time,"High Value - One-Time"
01c75ebaa6fd123179cc3898fe4d24c4,1,"2018-08-09 14:28:00",0,2018-08,74.99,"Low Value",One-Time,"Low Value - One-Time"
01c7e32e214b3b0c31b7460a08e89ec9,1,"2018-06-21 21:47:00",0,2018-06,14.90,"Low Value",One-Time,"Low Value - One-Time"
01c849814dd6cd478f0ee6343414acb7,1,"2018-07-12 15:04:00",0,2018-07,99.99,"High Value",One-Time,"High Value - One-Time"
01c92cf65b66be2fb861a163d4830f5a,1,"2018-02-20 15:29:00",0,2018-02,110.90,"High Value",One-Time,"High Value - One-Time"
01ca0680cddb7f4c71e3235f08cd16a2,1,"2018-05-12 10:22:00",0,2018-05,24.90,"Low Value",One-Time,"Low Value - One-Time"
01cad597bb1c8c79b2115a6204ab7f8c,1,"2017-12-12 22:03:00",0,2017-12,79.90,"Low Value",One-Time,"Low Value - One-Time"
01cbe0a1a969bf0936fd97298ae18cc8,1,"2018-05-07 08:05:00",0,2018-05,145.00,"High Value",One-Time,"High Value - One-Time"
01cd1ef6c24558b19ce2dab8801fabcb,1,"2018-03-21 15:05:00",0,2018-03,674.90,"High Value",One-Time,"High Value - One-Time"
01cd5bbfc2ee49abdafb429522b93fce,1,"2017-10-19 10:00:00",0,2017-10,7.50,"Low Value",One-Time,"Low Value - One-Time"
01cd6609264361aaf702ecbee2641cea,1,"2018-04-24 11:57:00",0,2018-04,69.90,"Low Value",One-Time,"Low Value - One-Time"
01ce78f7a46aaaf7a9d1d2b86224ae38,1,"2018-03-20 21:43:00",0,2018-03,45.99,"Low Value",One-Time,"Low Value - One-Time"
01cf4a649781b563f650ce1c18b19be6,1,"2018-06-09 11:36:00",0,2018-06,28.90,"Low Value",One-Time,"Low Value - One-Time"
01cf555dad51551a56a1bdc9fbf2acd6,1,"2017-05-18 09:42:00",0,2017-05,101.00,"High Value",One-Time,"High Value - One-Time"
01d0f02781924f788fd9d0521663fae0,1,"2017-06-18 20:37:00",0,2017-06,39.90,"Low Value",One-Time,"Low Value - One-Time"
01d1444a9676bab441621b52773035e9,1,"2017-11-19 18:19:00",0,2017-11,139.90,"High Value",One-Time,"High Value - One-Time"
01d4133dfc24adea1d8d8b7f5ee44aa4,1,"2017-11-14 20:00:00",0,2017-11,89.99,"High Value",One-Time,"High Value - One-Time"
01d46b5cad3cda9c22f52df41197a671,1,"2017-04-13 06:49:00",0,2017-04,29.90,"Low Value",One-Time,"Low Value - One-Time"
01d4d353f424ed250bf892af49d30abe,1,"2017-10-25 16:10:00",0,2017-10,89.99,"High Value",One-Time,"High Value - One-Time"
01d540906498d52fa3b7f10b5ce735b2,1,"2018-07-16 23:18:00",0,2018-07,79.90,"Low Value",One-Time,"Low Value - One-Time"
01d628fd151ab84d5063f2dc5c92a118,1,"2018-02-03 18:28:00",0,2018-02,52.50,"Low Value",One-Time,"Low Value - One-Time"
01d78a7d654c0b1ef85977c306d0f60f,1,"2018-03-12 09:58:00",0,2018-03,119.90,"High Value",One-Time,"High Value - One-Time"
01d7b0d6f8958188afa680d75dd47919,1,"2018-06-25 19:36:00",0,2018-06,155.80,"High Value",One-Time,"High Value - One-Time"
01d8df79b0fe245a03928d53fc25c223,1,"2017-08-07 17:41:00",0,2017-08,119.35,"High Value",One-Time,"High Value - One-Time"
01d8f02b7ae915fddc5736ecdf613cd1,1,"2018-01-15 19:06:00",0,2018-01,97.90,"High Value",One-Time,"High Value - One-Time"
01da270abab6215a40467414afae12d1,1,"2018-07-31 19:35:00",0,2018-07,139.98,"High Value",One-Time,"High Value - One-Time"
01daeb09de8f07882ccd4319ffbc4693,1,"2017-11-26 11:20:00",0,2017-11,30.00,"Low Value",One-Time,"Low Value - One-Time"
01db45606d08e66e2c058ad2f08f5b34,1,"2018-07-31 22:46:00",0,2018-07,65.00,"Low Value",One-Time,"Low Value - One-Time"
01dbf5ec2334d02e47a8167d3c2e0837,1,"2018-05-05 15:32:00",0,2018-05,36.90,"Low Value",One-Time,"Low Value - One-Time"
01dd34b5f4cee2a48f03ba1cce8c592c,1,"2018-08-17 12:41:00",0,2018-08,74.00,"Low Value",One-Time,"Low Value - One-Time"
01deea8faf538e657bf2b1cb6b6c24f1,1,"2017-09-24 01:57:00",0,2017-09,22.99,"Low Value",One-Time,"Low Value - One-Time"
01dfe4b4e19154abdebe71e50f52f88d,1,"2018-05-04 10:59:00",0,2018-05,105.00,"High Value",One-Time,"High Value - One-Time"
01dff584b4563da3703fa375287a3a69,1,"2018-02-22 08:35:00",0,2018-02,215.00,"High Value",One-Time,"High Value - One-Time"
01e0008efc8b3804e274ff934ba017c9,1,"2017-02-25 20:02:00",0,2017-02,69.90,"Low Value",One-Time,"Low Value - One-Time"
01e019838e4e21dd66bb6f69352334f8,1,"2017-12-03 00:31:00",0,2017-12,359.00,"High Value",One-Time,"High Value - One-Time"
01e123d7c7cedf12af483fc17258b9ce,1,"2018-06-08 16:11:00",0,2018-06,790.00,"High Value",One-Time,"High Value - One-Time"
01e4cddc3a56ea6684510cf09f4d0411,1,"2018-01-09 18:17:00",0,2018-01,23.80,"Low Value",One-Time,"Low Value - One-Time"
01e4f76dbf261176b87ed09f6803c596,1,"2018-03-06 18:46:00",0,2018-03,369.48,"High Value",One-Time,"High Value - One-Time"
01e66e20cc67536e6fa27878ed07ad0a,1,"2018-01-31 00:46:00",0,2018-01,19.90,"Low Value",One-Time,"Low Value - One-Time"
01e80828765c999c3f5a7713f3912309,1,"2017-05-22 19:56:00",0,2017-05,28.28,"Low Value",One-Time,"Low Value - One-Time"
01e8bcc3377762cf85025138b2901947,1,"2017-04-19 20:44:00",0,2017-04,189.89,"High Value",One-Time,"High Value - One-Time"
01e8feee57ec1b6447fdd4fbea8093cb,1,"2018-01-31 23:30:00",0,2018-01,122.99,"High Value",One-Time,"High Value - One-Time"
01ea7dfdac01a4e8fbe2902b73510b20,1,"2018-02-09 17:36:00",0,2018-02,44.90,"Low Value",One-Time,"Low Value - One-Time"
01eb9d565f58fe2b55946b72db045556,1,"2018-04-10 19:22:00",0,2018-04,109.90,"High Value",One-Time,"High Value - One-Time"
01ec28844a316ded17fa50fd28b98123,1,"2018-03-02 15:01:00",0,2018-03,104.00,"High Value",One-Time,"High Value - One-Time"
01ec66cacd4c45d04f9ee2a1c25bb20b,1,"2017-03-01 23:34:00",0,2017-03,68.00,"Low Value",One-Time,"Low Value - One-Time"
01ecc1f1f21f05d0736c99d92646f132,1,"2017-08-11 14:33:00",0,2017-08,49.90,"Low Value",One-Time,"Low Value - One-Time"
01ecdc37f767e85f5b3fd2310a289253,1,"2018-08-14 20:06:00",0,2018-08,659.99,"High Value",One-Time,"High Value - One-Time"
01ece9ffbb6a00db5549188bc410e878,1,"2017-09-18 00:32:00",0,2017-09,105.00,"High Value",One-Time,"High Value - One-Time"
01ed8df97a21e2f15521f9758554b32b,1,"2017-07-11 13:10:00",0,2017-07,44.90,"Low Value",One-Time,"Low Value - One-Time"
01eec5acca315fa22d30315944c65536,1,"2018-03-06 12:39:00",0,2018-03,188.00,"High Value",One-Time,"High Value - One-Time"
01ef3ec35f556231aee2f73e8bc6f8a0,1,"2017-10-04 20:45:00",0,2017-10,219.90,"High Value",One-Time,"High Value - One-Time"
01f156677184504063bd19739f924af1,1,"2016-10-10 13:57:00",0,2016-10,739.98,"High Value",One-Time,"High Value - One-Time"
01f163c912209bc42fd9c0e169e8039e,1,"2018-06-23 10:49:00",0,2018-06,28.00,"Low Value",One-Time,"Low Value - One-Time"
01f173d576ec0a01bbe13dccf0942696,1,"2017-10-02 10:17:00",0,2017-10,157.77,"High Value",One-Time,"High Value - One-Time"
01f1af590b3fa6e09ee79551635926b4,1,"2017-11-27 21:25:00",0,2017-11,246.62,"High Value",One-Time,"High Value - One-Time"
01f2285f85a1c603eb7ef755ad311769,2,"2017-04-29 14:40:00",1,2017-04,428.00,"High Value",Repeat,"High Value - Repeat"
01f382f4c95df31e05e27f1151a015a0,1,"2017-09-22 03:30:00",0,2017-09,99.00,"High Value",One-Time,"High Value - One-Time"
01f492ebceb9747c71cb86d983afb9e0,1,"2018-02-22 00:49:00",0,2018-02,28.49,"Low Value",One-Time,"Low Value - One-Time"
01f6fa760c8cee5fef785c7a73321534,1,"2017-11-26 19:46:00",0,2017-11,598.40,"High Value",One-Time,"High Value - One-Time"
01f7f7e1b4aefac99dea303f9eb5f7c4,1,"2018-04-12 12:55:00",0,2018-04,79.90,"Low Value",One-Time,"Low Value - One-Time"
01f9585695ca0cb669ddbae22f6ede43,1,"2018-07-31 23:24:00",0,2018-07,219.99,"High Value",One-Time,"High Value - One-Time"
01fdfc6e1f85ad504461c6699adb246c,1,"2017-12-09 08:08:00",0,2017-12,13.65,"Low Value",One-Time,"Low Value - One-Time"
01fee81dfa09d00693bbb79aaf922f89,1,"2017-05-24 20:28:00",0,2017-05,240.35,"High Value",One-Time,"High Value - One-Time"
01ffb8ddbd9e1167659827ed1b9b6ccf,1,"2018-07-19 19:58:00",0,2018-07,69.99,"Low Value",One-Time,"Low Value - One-Time"
02022a08ed3a2e736777b7b71389c62c,1,"2017-11-24 13:14:00",0,2017-11,24.50,"Low Value",One-Time,"Low Value - One-Time"
020299859eabbac628a0b2d6ea22bb9d,1,"2018-07-25 10:19:00",0,2018-07,99.80,"High Value",One-Time,"High Value - One-Time"
02029b32d4185a32a888c3f2d4d8839f,1,"2017-11-30 17:54:00",0,2017-11,129.20,"High Value",One-Time,"High Value - One-Time"
020311f9fc67a990f3d43b481398a259,1,"2018-03-21 15:30:00",0,2018-03,44.99,"Low Value",One-Time,"Low Value - One-Time"
0203cdea5911c033017b1b2bb6dbeb33,1,"2018-03-21 20:20:00",0,2018-03,112.33,"High Value",One-Time,"High Value - One-Time"
0204f3da94dadaf3fa21305413e02d63,1,"2018-01-11 20:21:00",0,2018-01,73.50,"Low Value",One-Time,"Low Value - One-Time"
020504cfbef989c034f403ab0076c408,1,"2017-11-24 16:20:00",0,2017-11,231.70,"High Value",One-Time,"High Value - One-Time"
02054940ff45a170ddd0acca60575eea,1,"2018-01-25 11:04:00",0,2018-01,224.50,"High Value",One-Time,"High Value - One-Time"
0205ecc1296100f97f4ae03e22643b8e,1,"2018-05-08 17:45:00",0,2018-05,410.00,"High Value",One-Time,"High Value - One-Time"
0206119a2f332d97fb68a9c1f592b2dc,1,"2017-06-08 08:27:00",0,2017-06,62.90,"Low Value",One-Time,"Low Value - One-Time"
02063d3c56dc62e17f57cdd78c4962ff,1,"2018-08-08 12:03:00",0,2018-08,37.90,"Low Value",One-Time,"Low Value - One-Time"
0206671ca1e6cea41033a21774bef222,1,"2018-04-23 16:43:00",0,2018-04,69.00,"Low Value",One-Time,"Low Value - One-Time"
02068e4fb8a2f9434c60eb29751b0783,1,"2018-04-26 00:13:00",0,2018-04,77.90,"Low Value",One-Time,"Low Value - One-Time"
020747bd836e23bc8e3692937ad85497,1,"2018-06-19 19:58:00",0,2018-06,30.90,"Low Value",One-Time,"Low Value - One-Time"
0209a0a5c96cc50dd1bbe71e3730af2a,1,"2017-05-22 14:20:00",0,2017-05,169.80,"High Value",One-Time,"High Value - One-Time"
0209af58dcd97d6ff5bac3f5fdfb8c0e,1,"2018-08-02 17:40:00",0,2018-08,78.00,"Low Value",One-Time,"Low Value - One-Time"
0209cc2349a03f00567bb9d24a459829,1,"2017-06-16 18:29:00",0,2017-06,49.90,"Low Value",One-Time,"Low Value - One-Time"
0209f290b5451d357308bc0e90521026,1,"2018-07-22 22:00:00",0,2018-07,572.64,"High Value",One-Time,"High Value - One-Time"
020a1ffcfaf43c6003111eaa33faa6c9,1,"2017-04-05 08:23:00",0,2017-04,41.80,"Low Value",One-Time,"Low Value - One-Time"
020aa2d69bca8c7a0b3da5f8e602c26d,1,"2017-08-09 10:22:00",0,2017-08,89.99,"High Value",One-Time,"High Value - One-Time"
020ac38b920d61317bc3e7e2d1e3602b,1,"2017-09-10 18:54:00",0,2017-09,65.00,"Low Value",One-Time,"Low Value - One-Time"
020ae51ab502504a00ab6ccbac53bfa6,1,"2018-08-14 11:15:00",0,2018-08,799.90,"High Value",One-Time,"High Value - One-Time"
020b824fa9ea4049aed3171900d41e86,1,"2018-04-30 17:07:00",0,2018-04,59.80,"Low Value",One-Time,"Low Value - One-Time"
020c0844de3cbc0e65fe2cd62ddbc985,1,"2018-04-13 10:30:00",0,2018-04,106.00,"High Value",One-Time,"High Value - One-Time"
020de21f006326d43b15b28e073f8b4c,1,"2018-06-18 17:41:00",0,2018-06,150.82,"High Value",One-Time,"High Value - One-Time"
020f91981e05247250ccaa0ba69364d6,1,"2017-09-20 00:01:00",0,2017-09,117.99,"High Value",One-Time,"High Value - One-Time"
02105a58e384edb89a9827dfd3b8173b,1,"2018-03-17 13:04:00",0,2018-03,116.99,"High Value",One-Time,"High Value - One-Time"
021109bdb16fa17c2463cab87da314f3,1,"2018-01-10 23:47:00",0,2018-01,100.80,"High Value",One-Time,"High Value - One-Time"
0213ec5289d86c40bda69ed571b5853f,1,"2017-12-18 18:26:00",0,2017-12,559.00,"High Value",One-Time,"High Value - One-Time"
0213fe7fbaa0a7e81c16350785e367e6,1,"2018-03-01 18:43:00",0,2018-03,159.98,"High Value",One-Time,"High Value - One-Time"
0214a2864bcff8020dbe8c40a2e9d26a,1,"2017-03-13 14:20:00",0,2017-03,99.90,"High Value",One-Time,"High Value - One-Time"
02168ea18740a0fdaaa15f11bebba5db,2,"2017-08-20 20:58:00",1,2017-08,199.60,"High Value",Repeat,"High Value - Repeat"
021823ac7f57395504b4fcf2df8667f9,1,"2018-01-29 11:02:00",0,2018-01,25.90,"Low Value",One-Time,"Low Value - One-Time"
02198c63d3e65ea299d6d8d3c7a11665,1,"2018-04-11 10:58:00",0,2018-04,14.20,"Low Value",One-Time,"Low Value - One-Time"
021a4369c52a67fdaa1a923dada92cf2,1,"2017-07-11 13:48:00",0,2017-07,15.33,"Low Value",One-Time,"Low Value - One-Time"
021ab4ee1c733fef68ef3ddbb6c4ea7e,1,"2017-05-11 00:08:00",0,2017-05,46.20,"Low Value",One-Time,"Low Value - One-Time"
021ac5734c4f62601583998bf0de4e03,1,"2018-05-21 17:29:00",0,2018-05,728.00,"High Value",One-Time,"High Value - One-Time"
021b5df6105eece2e83def42b2a75a1c,1,"2018-03-13 12:12:00",0,2018-03,49.99,"Low Value",One-Time,"Low Value - One-Time"
021ba14f8e7b9e5c46cc91cfdbcfbbd1,1,"2018-02-25 22:14:00",0,2018-02,39.99,"Low Value",One-Time,"Low Value - One-Time"
021bca90c906d19b425e192070eb6f68,1,"2017-10-13 15:52:00",0,2017-10,99.89,"High Value",One-Time,"High Value - One-Time"
021d9099364431e24195152225c8c535,1,"2018-05-14 14:50:00",0,2018-05,79.90,"Low Value",One-Time,"Low Value - One-Time"
021dbb48a965542d846e18a6799d37c0,1,"2017-06-29 00:10:00",0,2017-06,139.90,"High Value",One-Time,"High Value - One-Time"
021f9b70becbc032905f24f7e6c2d7d7,1,"2017-06-08 21:32:00",0,2017-06,113.00,"High Value",One-Time,"High Value - One-Time"
0220755d57fdf6a1f63f39f51bb5fb90,1,"2018-05-14 21:28:00",0,2018-05,19.80,"Low Value",One-Time,"Low Value - One-Time"
0220cae7a876f841ad3924e84b29861a,1,"2017-09-11 09:34:00",0,2017-09,59.99,"Low Value",One-Time,"Low Value - One-Time"
022130229ad6d7d853447a4b0979b2dd,1,"2018-03-07 06:46:00",0,2018-03,97.65,"High Value",One-Time,"High Value - One-Time"
0221e219e9875443d81e933d3d6f8c80,1,"2018-08-02 12:06:00",0,2018-08,54.90,"Low Value",One-Time,"Low Value - One-Time"
02220c4df207c6277c269f0b3a05c7cd,1,"2018-01-02 21:28:00",0,2018-01,127.00,"High Value",One-Time,"High Value - One-Time"
02238d275f51bce58c8e97218621bd91,1,"2018-01-13 21:01:00",0,2018-01,21.90,"Low Value",One-Time,"Low Value - One-Time"
02248d5e7ec365ab4fe76975be1449a6,1,"2017-09-29 09:48:00",0,2017-09,24.10,"Low Value",One-Time,"Low Value - One-Time"
02251550f4d16aca44ce66e4263c0522,1,"2017-01-23 16:38:00",0,2017-01,129.99,"High Value",One-Time,"High Value - One-Time"
0225a15f6d472b6aff9f2ea45e9a563f,1,"2018-06-01 20:03:00",0,2018-06,79.00,"Low Value",One-Time,"Low Value - One-Time"
022609268add6b353d31185c5ff813c8,1,"2018-08-01 22:56:00",0,2018-08,150.00,"High Value",One-Time,"High Value - One-Time"
022657d659cf88bcc8c22774f3f0b61a,1,"2018-08-21 19:49:00",0,2018-08,64.99,"Low Value",One-Time,"Low Value - One-Time"
02278b7fe04a285092542fa4313cdc31,1,"2017-04-03 22:19:00",0,2017-04,34.90,"Low Value",One-Time,"Low Value - One-Time"
0228e299d1cabeaf9be64b5ccd784c97,1,"2017-07-21 13:24:00",0,2017-07,1099.00,"High Value",One-Time,"High Value - One-Time"
0229357c32b8eb6b686af4ed4c90d22f,1,"2018-05-21 21:29:00",0,2018-05,32.90,"Low Value",One-Time,"Low Value - One-Time"
022949b07073de5d6173732ea01d6155,1,"2018-03-14 15:56:00",0,2018-03,45.99,"Low Value",One-Time,"Low Value - One-Time"
022ac7dfecd0b4f6019415c4a0fe6d03,1,"2018-04-28 15:43:00",0,2018-04,131.00,"High Value",One-Time,"High Value - One-Time"
022b5f96c507ad0530bb7c5a29d00a7d,1,"2018-01-30 14:42:00",0,2018-01,70.00,"Low Value",One-Time,"Low Value - One-Time"
022defe8d96ad7d7e6b2e39a5d83c500,1,"2018-06-13 10:08:00",0,2018-06,67.99,"Low Value",One-Time,"Low Value - One-Time"
022e9ef39a8047a24a813f57ad382b94,1,"2017-09-03 17:12:00",0,2017-09,610.00,"High Value",One-Time,"High Value - One-Time"
022f73728cb75b707e8237867ba3526f,1,"2018-06-05 09:32:00",0,2018-06,99.00,"High Value",One-Time,"High Value - One-Time"
023196e0c7c9f50e21677e45cc6d539a,1,"2017-11-20 21:10:00",0,2017-11,120.00,"High Value",One-Time,"High Value - One-Time"
0231f0795b8e38aeb40a26115e75722c,1,"2018-06-24 22:03:00",0,2018-06,229.99,"High Value",One-Time,"High Value - One-Time"
023269083e9a81d89531aeb436d4a05b,1,"2018-02-26 22:43:00",0,2018-02,89.99,"High Value",One-Time,"High Value - One-Time"
02333854bb2fa366a65a44ff189a55cb,1,"2017-10-17 10:08:00",0,2017-10,115.00,"High Value",One-Time,"High Value - One-Time"
023571745d76e09f8bd5477af28f605e,1,"2017-07-21 09:28:00",0,2017-07,94.80,"High Value",One-Time,"High Value - One-Time"
02359eb55cd801c825452c46c59d416f,1,"2017-12-16 11:24:00",0,2017-12,89.99,"High Value",One-Time,"High Value - One-Time"
023609b602b585ea3aaffff453cd0edf,1,"2018-05-02 23:21:00",0,2018-05,59.98,"Low Value",One-Time,"Low Value - One-Time"
023614eec7dadcb125d4408c1e9634d1,1,"2018-02-15 14:28:00",0,2018-02,19.90,"Low Value",One-Time,"Low Value - One-Time"
023626329895d11d199a1bf57dcbc546,1,"2018-07-31 17:46:00",0,2018-07,87.80,"Low Value",One-Time,"Low Value - One-Time"
02364b772a6ae741cce9f3c93ea77edc,1,"2018-05-02 13:36:00",0,2018-05,199.89,"High Value",One-Time,"High Value - One-Time"
0236e0a7664e478c1c5713ed4d51f906,1,"2018-02-14 19:35:00",0,2018-02,55.90,"Low Value",One-Time,"Low Value - One-Time"
02379766f7d489377d4a0b5e5a7bd40c,1,"2018-05-03 13:19:00",0,2018-05,49.99,"Low Value",One-Time,"Low Value - One-Time"
02379fc0d5e683d41ccde86f75bbfaf4,1,"2018-06-25 18:35:00",0,2018-06,72.90,"Low Value",One-Time,"Low Value - One-Time"
023986b2b457eb7ffc5a7669a6dad6fa,1,"2018-06-14 13:17:00",0,2018-06,27.50,"Low Value",One-Time,"Low Value - One-Time"
02399dafe5a38655445fb46ec2499071,1,"2018-04-06 02:36:00",0,2018-04,18.60,"Low Value",One-Time,"Low Value - One-Time"
023a46a22f869dafae9c900b45b8622d,1,"2017-10-10 09:41:00",0,2017-10,49.99,"Low Value",One-Time,"Low Value - One-Time"
023a5f2429a60d00c9c26887b95c6c80,1,"2017-09-10 11:01:00",0,2017-09,16.00,"Low Value",One-Time,"Low Value - One-Time"
023a67e0df63273fa1f49cd71fd3eb61,1,"2018-03-28 11:22:00",0,2018-03,129.90,"High Value",One-Time,"High Value - One-Time"
023c86aec9feb3a43c76311813f04a3e,1,"2017-11-17 00:08:00",0,2017-11,26.60,"Low Value",One-Time,"Low Value - One-Time"
023c8fe9cea056407269dfe9bdd57a8c,1,"2017-10-23 23:35:00",0,2017-10,37.80,"Low Value",One-Time,"Low Value - One-Time"
023d64edb6716ac1a0a5da6e6277a713,1,"2018-05-03 17:51:00",0,2018-05,55.00,"Low Value",One-Time,"Low Value - One-Time"
023d978a84bb97e195d5562279a7b285,1,"2018-03-12 11:25:00",0,2018-03,34.90,"Low Value",One-Time,"Low Value - One-Time"
023de84681c997f7bcb218b8e23df233,1,"2018-01-07 16:56:00",0,2018-01,119.80,"High Value",One-Time,"High Value - One-Time"
023e5eed74131f86d5893680d88d88d7,1,"2018-04-26 10:06:00",0,2018-04,99.90,"High Value",One-Time,"High Value - One-Time"
023f426e28a212b8328b41649a2b1a05,1,"2018-08-11 18:52:00",0,2018-08,24.00,"Low Value",One-Time,"Low Value - One-Time"
0241fa2e9adf0576cb0f845377d05c03,2,"2018-06-20 20:51:00",1,2018-06,132.31,"High Value",Repeat,"High Value - Repeat"
0242712d1c9c34808dfa88c597c7b0f9,1,"2017-11-24 18:54:00",0,2017-11,49.00,"Low Value",One-Time,"Low Value - One-Time"
0242e42b2210c764b47e099ddeacd742,1,"2017-07-14 01:40:00",0,2017-07,128.90,"High Value",One-Time,"High Value - One-Time"
024422409498157526b84fb4cf919ae3,1,"2018-01-08 13:05:00",0,2018-01,99.90,"High Value",One-Time,"High Value - One-Time"
0245997602d4ec43390590e43dfd39d9,1,"2017-04-17 22:24:00",0,2017-04,169.90,"High Value",One-Time,"High Value - One-Time"
0245c32b7a8e243d2574af599a186108,1,"2018-04-08 23:46:00",0,2018-04,55.90,"Low Value",One-Time,"Low Value - One-Time"
0246128cbe42bad650aca67dea148ecb,1,"2017-04-14 20:11:00",0,2017-04,12.97,"Low Value",One-Time,"Low Value - One-Time"
02466bc47e3eaf9117b78765326d41e7,1,"2018-08-13 12:39:00",0,2018-08,38.90,"Low Value",One-Time,"Low Value - One-Time"
024676cef113f6c81db6c5b8d29e5ee9,1,"2018-05-01 14:30:00",0,2018-05,54.70,"Low Value",One-Time,"Low Value - One-Time"
0246b5fda21cce422b91be62bca9c9ff,1,"2018-07-14 23:17:00",0,2018-07,65.00,"Low Value",One-Time,"Low Value - One-Time"
0246e728843e079b72ae99cbfe711acd,1,"2018-04-02 07:07:00",0,2018-04,12.95,"Low Value",One-Time,"Low Value - One-Time"
0246f8de7fe5a9cb5e3a3fffa3cf0da4,1,"2017-10-06 14:03:00",0,2017-10,107.79,"High Value",One-Time,"High Value - One-Time"
024741ae16493ea617e06ecc277c7069,1,"2017-06-23 11:56:00",0,2017-06,49.80,"Low Value",One-Time,"Low Value - One-Time"
0247caa552d23ae7ca2e0777b55a4a2f,1,"2018-01-28 18:45:00",0,2018-01,119.90,"High Value",One-Time,"High Value - One-Time"
0247fad5e7e46592d7216d01e9a2d7f6,1,"2017-02-26 21:07:00",0,2017-02,188.99,"High Value",One-Time,"High Value - One-Time"
024879685782c26ab2f0365fbea37967,1,"2017-11-23 12:14:00",0,2017-11,25.90,"Low Value",One-Time,"Low Value - One-Time"
0248acdec0648791650de14b758df203,1,"2018-01-19 07:31:00",0,2018-01,116.00,"High Value",One-Time,"High Value - One-Time"
024ab36a6207906cf0d2767466419017,1,"2017-02-18 14:29:00",0,2017-02,32.90,"Low Value",One-Time,"Low Value - One-Time"
024ab3d97dd522b7f5173b905628f9fd,1,"2018-04-14 10:29:00",0,2018-04,130.00,"High Value",One-Time,"High Value - One-Time"
024bc6c3997170f0ca30edba8ba8aa55,1,"2017-09-11 11:41:00",0,2017-09,289.80,"High Value",One-Time,"High Value - One-Time"
024c132534a98479e42a33027e3ad2e2,1,"2018-05-17 09:15:00",0,2018-05,103.90,"High Value",One-Time,"High Value - One-Time"
024c233620ca87fef1d3f281e8123142,1,"2018-05-22 17:57:00",0,2018-05,90.00,"High Value",One-Time,"High Value - One-Time"
024c9fd1cf1c2c614f24a18e5dd1784d,1,"2018-04-16 19:27:00",0,2018-04,38.00,"Low Value",One-Time,"Low Value - One-Time"
024cf57b6da1f225b8b130dcd9093af9,1,"2017-05-05 09:01:00",0,2017-05,119.80,"High Value",One-Time,"High Value - One-Time"
024e448ec8650b88a45e9f6049eec02b,1,"2018-05-03 00:34:00",0,2018-05,35.90,"Low Value",One-Time,"Low Value - One-Time"
024e94ea4d09b69b4996d5af7b43c1b4,1,"2018-07-26 22:10:00",0,2018-07,51.89,"Low Value",One-Time,"Low Value - One-Time"
024f153bf5ff2f378be3577f3248f283,1,"2017-08-19 23:35:00",0,2017-08,80.00,"Low Value",One-Time,"Low Value - One-Time"
024f45263b6a8d9d49b30c4251cfe86c,1,"2017-08-16 22:09:00",0,2017-08,18.00,"Low Value",One-Time,"Low Value - One-Time"
0250e6330823590753c1268c9bf15446,1,"2017-07-30 03:53:00",0,2017-07,139.90,"High Value",One-Time,"High Value - One-Time"
025243a8f6e8e4afd7def031078725bf,1,"2017-11-27 07:03:00",0,2017-11,231.70,"High Value",One-Time,"High Value - One-Time"
0252e35d8aa0b7b19eb4fb96783bafca,1,"2017-06-08 08:58:00",0,2017-06,55.90,"Low Value",One-Time,"Low Value - One-Time"
02552fea6f4fa9a5c61bf9d22408ae73,1,"2017-04-08 00:04:00",0,2017-04,220.00,"High Value",One-Time,"High Value - One-Time"
0255bf539e958e6f426caa5a0cf79aeb,1,"2018-01-22 23:08:00",0,2018-01,29.90,"Low Value",One-Time,"Low Value - One-Time"
0255fc149c1f191319c8c431479e5d8c,1,"2018-07-30 18:25:00",0,2018-07,99.00,"High Value",One-Time,"High Value - One-Time"
0256a460aa82066254d63d60bc21076e,1,"2017-12-02 20:09:00",0,2017-12,79.90,"Low Value",One-Time,"Low Value - One-Time"
0256fe01df094f555379b7d453ba22fc,1,"2017-11-28 09:10:00",0,2017-11,399.00,"High Value",One-Time,"High Value - One-Time"
02574dbc91dbde4c31f8c4e5ccd4f808,1,"2017-10-04 19:50:00",0,2017-10,159.90,"High Value",One-Time,"High Value - One-Time"
02578a30eaf25ecf087a3728dc04b85a,1,"2017-08-15 00:39:00",0,2017-08,39.99,"Low Value",One-Time,"Low Value - One-Time"
0258ab8ce9fe72c23efb37dd0dcf1307,1,"2017-08-20 20:58:00",0,2017-08,29.90,"Low Value",One-Time,"Low Value - One-Time"
0258cd3b5e7c4b397cc09ea472677e73,1,"2018-01-21 14:29:00",0,2018-01,139.80,"High Value",One-Time,"High Value - One-Time"
025bc857299fac3e5c699322d2a1485d,1,"2017-06-21 13:13:00",0,2017-06,19.95,"Low Value",One-Time,"Low Value - One-Time"
025cf7c2f32536f0be1ab412bb6602d2,1,"2018-08-17 10:59:00",0,2018-08,1788.00,"High Value",One-Time,"High Value - One-Time"
025d137104467c3e5c07018d9d0bb6fa,1,"2017-10-03 14:27:00",0,2017-10,98.90,"High Value",One-Time,"High Value - One-Time"
025d6eda479e8fe58f6f9c334f86712d,1,"2018-08-18 01:21:00",0,2018-08,114.90,"High Value",One-Time,"High Value - One-Time"
025e14cd691e409911edc1cc255115a7,1,"2017-11-24 12:10:00",0,2017-11,119.90,"High Value",One-Time,"High Value - One-Time"
025e4cdbeeffdff36f7f289a4b714965,1,"2017-06-08 19:00:00",0,2017-06,59.99,"Low Value",One-Time,"Low Value - One-Time"
025ef887ab57255584e60873ea086144,1,"2018-04-23 12:21:00",0,2018-04,13.65,"Low Value",One-Time,"Low Value - One-Time"
025fef1b215081d46d39595c7b67c9a5,1,"2017-08-02 13:39:00",0,2017-08,205.00,"High Value",One-Time,"High Value - One-Time"
02604e6d24c19c9e8c72bb1044bc48e0,1,"2018-01-18 16:33:00",0,2018-01,21.60,"Low Value",One-Time,"Low Value - One-Time"
02620ba8f4c9b8583a78fbabcbf155cc,1,"2017-11-17 10:22:00",0,2017-11,139.94,"High Value",One-Time,"High Value - One-Time"
026369eca788b2b8574bdcd04b003d80,1,"2018-05-07 19:52:00",0,2018-05,29.90,"Low Value",One-Time,"Low Value - One-Time"
0263cd21a17b7b8396e582d110c6ad3c,1,"2017-12-24 19:21:00",0,2017-12,179.99,"High Value",One-Time,"High Value - One-Time"
0264a651d41a6d387cf2f061b5f914d3,1,"2018-02-04 12:42:00",0,2018-02,122.99,"High Value",One-Time,"High Value - One-Time"
02678f5b6207663512dd9cd96af14f0d,1,"2018-04-20 08:31:00",0,2018-04,440.99,"High Value",One-Time,"High Value - One-Time"
02682c9a04df6a3e140e2e7eb78fa693,1,"2017-08-05 22:46:00",0,2017-08,149.00,"High Value",One-Time,"High Value - One-Time"
026888d959225b8c5d57f6f0fdb54470,1,"2017-12-08 10:41:00",0,2017-12,149.00,"High Value",One-Time,"High Value - One-Time"
026928fd79018e3c6b635da82781eb62,1,"2017-07-14 14:59:00",0,2017-07,49.90,"Low Value",One-Time,"Low Value - One-Time"
026af3cfcaac056ac62feb8457cbfaa6,1,"2017-12-19 01:08:00",0,2017-12,59.00,"Low Value",One-Time,"Low Value - One-Time"
026bae191fa488af0155ef3eba3d4a79,1,"2017-11-22 10:17:00",0,2017-11,106.24,"High Value",One-Time,"High Value - One-Time"
026c7e2e8e363c7e734a716f9c70dfc3,1,"2017-05-30 01:31:00",0,2017-05,24.90,"Low Value",One-Time,"Low Value - One-Time"
026cc430843b605b4b5515751f4fe5d3,1,"2018-07-03 09:51:00",0,2018-07,736.00,"High Value",One-Time,"High Value - One-Time"
026d1aaa74457b39204f1ee240db2bc7,1,"2017-10-16 10:32:00",0,2017-10,55.90,"Low Value",One-Time,"Low Value - One-Time"
026d6aade0923331c6065e5daa7aafda,1,"2017-03-06 18:34:00",0,2017-03,104.99,"High Value",One-Time,"High Value - One-Time"
026e135c007282454338db204e44381f,1,"2017-11-10 17:06:00",0,2017-11,59.90,"Low Value",One-Time,"Low Value - One-Time"
026fef2c54aa326832f6eb30e9a13398,1,"2018-08-13 21:51:00",0,2018-08,119.85,"High Value",One-Time,"High Value - One-Time"
02700eac78be35e1cbaab825c2314f4f,1,"2018-03-28 10:59:00",0,2018-03,138.89,"High Value",One-Time,"High Value - One-Time"
02712c43bfdb769882911ec01879f2b6,1,"2018-04-19 09:42:00",0,2018-04,25.00,"Low Value",One-Time,"Low Value - One-Time"
027179319d6e0b4958b300ba6e9e35e6,1,"2018-08-14 16:20:00",0,2018-08,81.35,"Low Value",One-Time,"Low Value - One-Time"
02726fb0313c64d554b3a373c3a92f42,1,"2018-02-18 16:25:00",0,2018-02,140.50,"High Value",One-Time,"High Value - One-Time"
027497dedcbd1792aba7aadf6677d2a4,1,"2018-04-03 14:33:00",0,2018-04,54.90,"Low Value",One-Time,"Low Value - One-Time"
0274b33316518523077f46c699109015,1,"2018-04-14 10:11:00",0,2018-04,329.00,"High Value",One-Time,"High Value - One-Time"
02772b907240626d358384cfc854b6eb,1,"2017-12-20 15:14:00",0,2017-12,139.99,"High Value",One-Time,"High Value - One-Time"
027803eb28cc01fbdf5da72b109fabee,2,"2017-10-17 11:28:00",1,2017-10,64.99,"Low Value",Repeat,"Low Value - Repeat"
027835b35f861ba108518b2c529e308f,1,"2018-02-12 17:56:00",0,2018-02,19.90,"Low Value",One-Time,"Low Value - One-Time"
027873e82cba22c40763c9e44a536a38,1,"2018-04-06 17:29:00",0,2018-04,122.99,"High Value",One-Time,"High Value - One-Time"
0278b3b0c4368280c3a17faa0be4311f,1,"2017-10-10 17:41:00",0,2017-10,99.99,"High Value",One-Time,"High Value - One-Time"
027975035267b4ec8c9d8ad65c6c4d6f,1,"2018-02-22 10:28:00",0,2018-02,89.00,"Low Value",One-Time,"Low Value - One-Time"
02798e1b3a37c163dffad98b3c6de007,1,"2018-07-26 23:07:00",0,2018-07,585.00,"High Value",One-Time,"High Value - One-Time"
027a37fed88effa55ddc5e961a48575c,1,"2018-02-26 18:53:00",0,2018-02,74.90,"Low Value",One-Time,"Low Value - One-Time"
027a8a853eac346c3bf686f95289b761,1,"2017-11-17 10:25:00",0,2017-11,25.98,"Low Value",One-Time,"Low Value - One-Time"
027b0a2a0630aa7439875c30b987bf99,1,"2018-01-20 02:48:00",0,2018-01,49.99,"Low Value",One-Time,"Low Value - One-Time"
027c480ac01f936d8add76e496bbfebc,1,"2018-07-21 08:38:00",0,2018-07,31.90,"Low Value",One-Time,"Low Value - One-Time"
027c8551b090d915b6c779c7e970ffef,1,"2017-04-25 15:05:00",0,2017-04,18.99,"Low Value",One-Time,"Low Value - One-Time"
027ca2556afdb5bb0741b214c6380bb2,1,"2017-07-26 19:40:00",0,2017-07,98.70,"High Value",One-Time,"High Value - One-Time"
027ce05786a9c91b427cf168e82819e0,1,"2017-09-29 17:58:00",0,2017-09,212.40,"High Value",One-Time,"High Value - One-Time"
027d053c7d8203f3ebb4512da23681fb,1,"2018-02-09 09:05:00",0,2018-02,162.50,"High Value",One-Time,"High Value - One-Time"
027d5c59887b8a32f409adb105c9cee8,1,"2017-07-20 23:29:00",0,2017-07,299.00,"High Value",One-Time,"High Value - One-Time"
027dff2201a97b9920d2dd5240f51a02,1,"2018-08-16 14:26:00",0,2018-08,160.00,"High Value",One-Time,"High Value - One-Time"
027e682a11d8db5a162f01e1b59700cb,1,"2017-07-17 21:36:00",0,2017-07,132.90,"High Value",One-Time,"High Value - One-Time"
027ef1dce56b52802c3d35cd5beda928,1,"2017-10-15 14:45:00",0,2017-10,78.00,"Low Value",One-Time,"Low Value - One-Time"
027f1c8ff06b9e07a71f720fcb918531,1,"2018-04-18 23:31:00",0,2018-04,20.90,"Low Value",One-Time,"Low Value - One-Time"
027f4dabd2ab93d782fd604ade3f9f1b,1,"2018-03-06 12:28:00",0,2018-03,49.99,"Low Value",One-Time,"Low Value - One-Time"
0280239e6c4add91b8a415d9b2566649,1,"2017-04-02 16:50:00",0,2017-04,109.90,"High Value",One-Time,"High Value - One-Time"
0280c3bae373e59fd0f564cf9b0188a1,1,"2017-08-20 17:47:00",0,2017-08,29.00,"Low Value",One-Time,"Low Value - One-Time"
028296541bfb0fe84ab460804e4c0dce,1,"2017-11-29 19:35:00",0,2017-11,159.80,"High Value",One-Time,"High Value - One-Time"
0283917cf6822284c4341224ef003fb6,1,"2018-06-28 15:18:00",0,2018-06,39.78,"Low Value",One-Time,"Low Value - One-Time"
0283d9c78c980d3ea0fce611bbc8ad5b,1,"2018-03-15 14:17:00",0,2018-03,240.00,"High Value",One-Time,"High Value - One-Time"
02844e55117602121bb79fe70a59522a,1,"2017-06-05 21:49:00",0,2017-06,547.90,"High Value",One-Time,"High Value - One-Time"
02848edda6ee321f306660a8399d8cc9,1,"2017-07-02 17:54:00",0,2017-07,84.50,"Low Value",One-Time,"Low Value - One-Time"
0284ca4015977edc8413c917b8e68355,1,"2017-02-07 09:07:00",0,2017-02,55.70,"Low Value",One-Time,"Low Value - One-Time"
0284fd4ad2eb300b86e3fbb61985dd00,1,"2018-01-16 19:37:00",0,2018-01,129.89,"High Value",One-Time,"High Value - One-Time"
028610eb2f6daf6bb4c37e1bd2b42210,1,"2017-08-01 23:30:00",0,2017-08,439.00,"High Value",One-Time,"High Value - One-Time"
02880ecd2c905f0a16fa1ae3d0884b1b,1,"2017-04-24 21:21:00",0,2017-04,92.96,"High Value",One-Time,"High Value - One-Time"
02889f45776f057efa2323d295406cf2,1,"2017-06-09 15:16:00",0,2017-06,69.00,"Low Value",One-Time,"Low Value - One-Time"
028ae0b8c77250d12323b40f2cbb38c7,1,"2017-01-25 22:46:00",0,2017-01,61.90,"Low Value",One-Time,"Low Value - One-Time"
028b8434bd4a6277e77f5b327cc1e1b0,1,"2017-12-19 16:50:00",0,2017-12,79.00,"Low Value",One-Time,"Low Value - One-Time"
028bb7f0b0813c2df891b680c35b5f63,1,"2017-09-13 10:58:00",0,2017-09,199.00,"High Value",One-Time,"High Value - One-Time"
028c09f007292c4e3a3b10d296e47987,1,"2018-03-17 12:11:00",0,2018-03,360.00,"High Value",One-Time,"High Value - One-Time"
028c1f3fd0bcc7a92d6d4190f6c08ff5,1,"2018-01-13 17:26:00",0,2018-01,56.00,"Low Value",One-Time,"Low Value - One-Time"
028df9d72fe22595a5da837157f1258b,1,"2017-02-14 13:18:00",0,2017-02,99.80,"High Value",One-Time,"High Value - One-Time"
028e0685d43827f5ce7882972eeaf6f8,1,"2018-06-06 10:29:00",0,2018-06,150.00,"High Value",One-Time,"High Value - One-Time"
028f21bc914b92ebd3d90710df2363b0,1,"2017-11-06 15:04:00",0,2017-11,15.00,"Low Value",One-Time,"Low Value - One-Time"
02900dde8414f41aa7e3e6394eb08871,1,"2017-11-24 21:42:00",0,2017-11,138.20,"High Value",One-Time,"High Value - One-Time"
02943af04041ca7713d7ef096d5d7a8a,1,"2018-06-16 17:59:00",0,2018-06,49.90,"Low Value",One-Time,"Low Value - One-Time"
02944edc74d278644e63112966608f62,1,"2018-06-12 21:24:00",0,2018-06,82.50,"Low Value",One-Time,"Low Value - One-Time"
0294560ad384ad92c9aff267bbbd9406,1,"2018-03-26 17:32:00",0,2018-03,13.65,"Low Value",One-Time,"Low Value - One-Time"
0294bdc2d323f7399d6c38690095e94b,1,"2018-04-24 16:23:00",0,2018-04,79.99,"Low Value",One-Time,"Low Value - One-Time"
02961f000d03958b88e9cba0cf6253cb,1,"2018-07-27 21:21:00",0,2018-07,229.90,"High Value",One-Time,"High Value - One-Time"
0296a671e6107db6871fcb8ab6330e48,1,"2018-02-01 11:52:00",0,2018-02,13.65,"Low Value",One-Time,"Low Value - One-Time"
0296ddaa154279cc2bd15621e06e6f1f,1,"2018-01-11 14:48:00",0,2018-01,99.90,"High Value",One-Time,"High Value - One-Time"
029800f459300049c50c59dcc4244e44,1,"2017-09-06 18:40:00",0,2017-09,129.90,"High Value",One-Time,"High Value - One-Time"
029939dc94df37cac6ac39bb3e55562f,1,"2017-11-04 14:10:00",0,2017-11,146.99,"High Value",One-Time,"High Value - One-Time"
0299711900aa07c0fe4961eb253431f8,1,"2017-11-24 16:06:00",0,2017-11,49.00,"Low Value",One-Time,"Low Value - One-Time"
0299fedc3f190307e87f32483a9ba4fd,1,"2017-04-21 16:37:00",0,2017-04,79.89,"Low Value",One-Time,"Low Value - One-Time"
029b457bd01199c39136f89e0eddcd3a,2,"2017-05-14 00:30:00",1,2017-05,278.00,"High Value",Repeat,"High Value - Repeat"
029d944cf2f7fc6640e877c5c3612509,1,"2018-06-07 13:55:00",0,2018-06,378.00,"High Value",One-Time,"High Value - One-Time"
029f24823177b442913b23816ee59e17,1,"2017-08-09 17:18:00",0,2017-08,166.90,"High Value",One-Time,"High Value - One-Time"
02a0646c59df9bfe155e5afd3317a87b,1,"2018-01-02 17:15:00",0,2018-01,199.98,"High Value",One-Time,"High Value - One-Time"
02a09961a48dc54166f61f00c8fcd7e5,1,"2017-06-28 16:51:00",0,2017-06,59.90,"Low Value",One-Time,"Low Value - One-Time"
02a0e3c6bcfdfcbecbc4268ef3797863,1,"2018-04-01 20:09:00",0,2018-04,109.90,"High Value",One-Time,"High Value - One-Time"
02a12dc286c290872d5a263fb9af0dfd,1,"2018-07-03 10:47:00",0,2018-07,49.90,"Low Value",One-Time,"Low Value - One-Time"
02a2094b273efc30447d706e9fc9fceb,1,"2018-07-25 16:46:00",0,2018-07,265.90,"High Value",One-Time,"High Value - One-Time"
02a2144d4ae1760a74cedd6b5bfea147,1,"2018-05-23 23:17:00",0,2018-05,62.90,"Low Value",One-Time,"Low Value - One-Time"
02a3fc88421c4bb19b14420b7d1b6bd3,1,"2018-01-31 16:27:00",0,2018-01,49.00,"Low Value",One-Time,"Low Value - One-Time"
02a6a137ef7fe2414c9e14fc4d060790,1,"2018-04-02 22:16:00",0,2018-04,209.70,"High Value",One-Time,"High Value - One-Time"
02a7760053385280fc193a50d86f69d1,1,"2018-08-18 01:08:00",0,2018-08,112.00,"High Value",One-Time,"High Value - One-Time"
02a8100f33055beec4d219c04e7d4318,1,"2018-08-17 09:54:00",0,2018-08,122.99,"High Value",One-Time,"High Value - One-Time"
02a81ef75e80450061b235f691600dc0,1,"2017-08-03 11:55:00",0,2017-08,39.90,"Low Value",One-Time,"Low Value - One-Time"
02a9f0e03fc4867dc04993af70d4a300,1,"2018-06-14 19:35:00",0,2018-06,8.70,"Low Value",One-Time,"Low Value - One-Time"
02a9fc337956564657d9fa17d41af27f,1,"2018-03-26 17:58:00",0,2018-03,53.00,"Low Value",One-Time,"Low Value - One-Time"
02aa4845dc6ee08624bcc899ad684b33,1,"2017-08-26 01:25:00",0,2017-08,59.90,"Low Value",One-Time,"Low Value - One-Time"
02ab167135d5d29cdc77b3147d75c1ef,1,"2017-03-22 20:32:00",0,2017-03,31.50,"Low Value",One-Time,"Low Value - One-Time"
02ab4d19fd037fa00ad9892f7d529a8f,1,"2017-06-19 20:27:00",0,2017-06,129.90,"High Value",One-Time,"High Value - One-Time"
02abda54135beba6c872bc929d06be83,1,"2017-04-16 22:19:00",0,2017-04,32.90,"Low Value",One-Time,"Low Value - One-Time"
02ac2bb64dac05fb338809262ff33a49,1,"2017-03-24 22:12:00",0,2017-03,69.80,"Low Value",One-Time,"Low Value - One-Time"
02ae5429a2a0c57554a8d4b7ed04b7e2,1,"2017-03-26 09:05:00",0,2017-03,89.18,"Low Value",One-Time,"Low Value - One-Time"
02aff8daa5b3527989a29500ff1e8e10,1,"2018-06-13 20:56:00",0,2018-06,390.00,"High Value",One-Time,"High Value - One-Time"
02b13b8c07bd3209940a10fdbc724545,1,"2017-08-26 09:52:00",0,2017-08,17.99,"Low Value",One-Time,"Low Value - One-Time"
02b201bcaa62f2e65294692b30fdaa4f,1,"2018-01-23 19:47:00",0,2018-01,89.90,"High Value",One-Time,"High Value - One-Time"
02b20b7c813efede140142ac610e36dc,2,"2018-03-19 20:50:00",1,2018-03,172.89,"High Value",Repeat,"High Value - Repeat"
02b2ee0aa7ac4b3db5463ec3863ff8f7,1,"2018-05-08 10:40:00",0,2018-05,18.90,"Low Value",One-Time,"Low Value - One-Time"
02b3bd80b9721b83c5b155ace3feede9,1,"2018-06-10 11:23:00",0,2018-06,94.90,"High Value",One-Time,"High Value - One-Time"
02b3c998830ee93e9edb49fd91aeae4c,1,"2018-02-23 09:34:00",0,2018-02,44.90,"Low Value",One-Time,"Low Value - One-Time"
02b3eb3619fdcba4c5a8e5d9ad6c97f2,1,"2017-08-01 14:08:00",0,2017-08,99.99,"High Value",One-Time,"High Value - One-Time"
02b6ef845021b8fefe19c8d200f3ee06,1,"2018-04-03 00:05:00",0,2018-04,1914.58,"High Value",One-Time,"High Value - One-Time"
02b741ab4dd2d378208995cbd59d4926,1,"2017-04-09 15:32:00",0,2017-04,88.00,"Low Value",One-Time,"Low Value - One-Time"
02b7724060835bd13b499a886cbbcef5,1,"2017-09-11 16:51:00",0,2017-09,59.90,"Low Value",One-Time,"Low Value - One-Time"
02b7e451968fd1f2793047ff025d18dc,1,"2017-03-13 23:05:00",0,2017-03,99.99,"High Value",One-Time,"High Value - One-Time"
02b8634fdb8d9d15ef1e0f74287b13b7,1,"2018-02-16 21:59:00",0,2018-02,31.90,"Low Value",One-Time,"Low Value - One-Time"
02b9defff3fd946df37af806a194a49b,1,"2017-11-04 21:01:00",0,2017-11,35.00,"Low Value",One-Time,"Low Value - One-Time"
02ba172a1f7657976fc944d9f55aeba4,1,"2017-09-26 09:51:00",0,2017-09,117.00,"High Value",One-Time,"High Value - One-Time"
02ba7b822bc05258fc0b790a1a54bc36,1,"2018-07-01 16:48:00",0,2018-07,25.80,"Low Value",One-Time,"Low Value - One-Time"
02ba802031bd2351ccc570b0d7581592,1,"2017-11-24 09:33:00",0,2017-11,24.99,"Low Value",One-Time,"Low Value - One-Time"
02bab436d042d111ec4b7c67cfab8835,1,"2018-08-03 08:36:00",0,2018-08,127.00,"High Value",One-Time,"High Value - One-Time"
02baf2ab49104d32faca025ace4fc9fa,1,"2018-02-20 15:34:00",0,2018-02,119.80,"High Value",One-Time,"High Value - One-Time"
02bb0a3e6081abdf2c4d03d0069166b8,1,"2018-04-25 19:02:00",0,2018-04,91.80,"High Value",One-Time,"High Value - One-Time"
02bb821f9cd6c3079ecb9fed96232e18,1,"2017-11-15 13:36:00",0,2017-11,80.00,"Low Value",One-Time,"Low Value - One-Time"
02bc079a58dfe937bdc5d97c8bac00ac,1,"2018-07-22 16:13:00",0,2018-07,65.90,"Low Value",One-Time,"Low Value - One-Time"
02bce421a8a2122b9e673a6721f69c10,1,"2018-04-16 11:14:00",0,2018-04,21.90,"Low Value",One-Time,"Low Value - One-Time"
02bcfe95cecaeec75514a6e1db184ec3,1,"2018-02-11 09:15:00",0,2018-02,249.99,"High Value",One-Time,"High Value - One-Time"
02beeff55d95ac493f904fb9cdb786b3,1,"2017-10-01 13:07:00",0,2017-10,117.30,"High Value",One-Time,"High Value - One-Time"
02c0e149593ec363ed327a4651128d49,1,"2018-03-21 20:07:00",0,2018-03,15.99,"Low Value",One-Time,"Low Value - One-Time"
02c10a545b4ff4123a8490cfc32db78c,1,"2018-08-11 20:35:00",0,2018-08,190.56,"High Value",One-Time,"High Value - One-Time"
02c163ec34a9218f6f3e1e1a7b9aeb28,1,"2017-07-13 19:50:00",0,2017-07,104.00,"High Value",One-Time,"High Value - One-Time"
02c233db34d21b47050e9db36aeec3ff,1,"2017-09-22 17:14:00",0,2017-09,158.00,"High Value",One-Time,"High Value - One-Time"
02c2adcfacd7ead855d2497e0d8eecae,1,"2018-01-28 20:46:00",0,2018-01,157.90,"High Value",One-Time,"High Value - One-Time"
02c2bf0584517bcaf707619e633fa6ee,1,"2017-03-18 21:39:00",0,2017-03,159.90,"High Value",One-Time,"High Value - One-Time"
02c2da81e0468b7b62d6bacca02679e6,1,"2017-08-18 11:21:00",0,2017-08,59.90,"Low Value",One-Time,"Low Value - One-Time"
